date,brent_price,price_change,daily_return,daily_return_pct,absolute_return,absolute_return_pct,return_direction,is_extreme_p90,is_extreme_p95,is_extreme_p99,total_headlines,oil_headlines,market_price_headlines,supply_geopolitics_headlines,consumer_fuel_headlines,oil_share,market_price_share,supply_geopolitics_share,consumer_fuel_share
2020-04-22,13.77,4.65,0.5098684210526316,50.986842105263165,0.5098684210526316,50.986842105263165,increase,True,True,True,128,3,3,1,1,0.0234375,0.0234375,0.0078125,0.0078125
2020-04-21,9.12,-8.24,-0.4746543778801844,-47.46543778801844,0.4746543778801844,47.46543778801844,decrease,True,True,True,124,4,3,0,2,0.032258064516129,0.0241935483870967,0.0,0.0161290322580645
2020-04-02,20.24,5.269999999999998,0.35203740814963247,35.20374081496325,0.35203740814963247,35.20374081496325,increase,True,True,True,108,0,0,0,0,0.0,0.0,0.0,0.0
2020-05-05,25.46,5.060000000000002,0.24803921568627474,24.803921568627473,0.24803921568627474,24.803921568627473,increase,True,True,True,129,2,0,0,2,0.0155038759689922,0.0,0.0,0.0155038759689922
2020-03-31,14.85,-4.340000000000002,-0.2261594580510683,-22.61594580510683,0.2261594580510683,22.61594580510683,decrease,True,True,True,122,0,0,0,0,0.0,0.0,0.0,0.0
2020-03-09,35.33,-10.270000000000003,-0.22521929824561404,-22.521929824561404,0.22521929824561404,22.521929824561404,decrease,True,True,True,72,1,1,0,1,0.0138888888888888,0.0138888888888888,0.0,0.0138888888888888
2020-04-03,24.33,4.09,0.20207509881422925,20.207509881422926,0.20207509881422925,20.207509881422926,increase,True,True,True,106,0,0,0,0,0.0,0.0,0.0,0.0
2009-01-02,42.94,7.119999999999997,0.19877163595756553,19.877163595756553,0.19877163595756553,19.877163595756553,increase,True,True,True,229,0,0,0,0,0.0,0.0,0.0,0.0
2020-04-09,20.23,-4.989999999999998,-0.19785884218873906,-19.785884218873907,0.19785884218873906,19.785884218873907,decrease,True,True,True,122,0,0,0,0,0.0,0.0,0.0,0.0
2020-03-18,22.79,-5.18,-0.18519842688594923,-18.519842688594924,0.18519842688594923,18.519842688594924,decrease,True,True,True,124,0,0,0,0,0.0,0.0,0.0,0.0
2008-12-05,37.04,-6.789999999999999,-0.1549167237052247,-15.491672370522469,0.1549167237052247,15.491672370522469,decrease,True,True,True,245,0,0,0,0,0.0,0.0,0.0,0.0
2020-04-29,17.86,2.26,0.1448717948717948,14.48717948717948,0.1448717948717948,14.48717948717948,increase,True,True,True,125,2,1,0,1,0.016,0.008,0.0,0.008
2020-03-30,19.19,-3.1999999999999993,-0.14292094685127288,-14.292094685127289,0.14292094685127288,14.292094685127289,decrease,True,True,True,87,0,0,0,0,0.0,0.0,0.0,0.0
2020-04-08,25.22,3.1199999999999974,0.14117647058823524,14.117647058823524,0.14117647058823524,14.117647058823524,increase,True,True,True,118,1,0,0,1,0.0084745762711864,0.0,0.0,0.0084745762711864
2020-03-16,27.98,-4.27,-0.1324031007751938,-13.240310077519378,0.1324031007751938,13.240310077519378,decrease,True,True,True,88,0,0,0,0,0.0,0.0,0.0,0.0
2004-12-15,41.53,4.5,0.12152308938698342,12.152308938698342,0.12152308938698342,12.152308938698342,increase,True,True,True,215,2,0,1,1,0.0093023255813953,0.0,0.0046511627906976,0.0046511627906976
2020-04-20,17.36,-2.3900000000000006,-0.12101265822784812,-12.101265822784812,0.12101265822784812,12.101265822784812,decrease,True,True,True,118,0,0,0,0,0.0,0.0,0.0,0.0
2021-11-26,72.37,-9.679999999999993,-0.11797684338817782,-11.797684338817781,0.11797684338817782,11.797684338817781,decrease,True,True,True,31,0,0,0,0,0.0,0.0,0.0,0.0
2019-09-16,68.42,7.170000000000002,0.11706122448979595,11.706122448979595,0.11706122448979595,11.706122448979595,increase,True,True,True,90,1,1,1,0,0.0111111111111111,0.0111111111111111,0.0111111111111111,0.0
2009-01-26,48.0,4.869999999999997,0.11291444470206335,11.291444470206336,0.11291444470206335,11.291444470206336,increase,True,True,True,246,0,0,0,0,0.0,0.0,0.0,0.0
2020-03-06,45.6,-5.689999999999998,-0.11093780464028069,-11.093780464028068,0.11093780464028069,11.093780464028068,decrease,True,True,True,95,0,0,0,0,0.0,0.0,0.0,0.0
2008-10-15,66.86,-8.120000000000005,-0.10829554547879439,-10.82955454787944,0.10829554547879439,10.82955454787944,decrease,True,True,True,243,0,0,0,0,0.0,0.0,0.0,0.0
2009-04-02,50.89,4.969999999999999,0.1082317073170731,10.823170731707311,0.1082317073170731,10.823170731707311,increase,True,True,True,246,0,0,0,0,0.0,0.0,0.0,0.0
2009-01-27,42.86,-5.140000000000001,-0.10708333333333331,-10.70833333333333,0.10708333333333331,10.70833333333333,decrease,True,True,True,244,1,0,0,1,0.0040983606557377,0.0,0.0,0.0040983606557377
2008-12-11,43.54,4.199999999999996,0.10676156583629881,10.676156583629881,0.10676156583629881,10.676156583629881,increase,True,True,True,245,0,0,0,0,0.0,0.0,0.0,0.0
2016-01-22,30.46,2.870000000000001,0.10402319681043859,10.40231968104386,0.10402319681043859,10.40231968104386,increase,True,True,True,214,3,3,0,0,0.014018691588785,0.014018691588785,0.0,0.0
2016-02-12,31.8,2.9800000000000004,0.10340041637751574,10.340041637751574,0.10340041637751574,10.340041637751574,increase,True,True,True,227,0,0,0,0,0.0,0.0,0.0,0.0
2020-05-04,20.4,1.9100000000000001,0.10329908058409942,10.329908058409941,0.10329908058409942,10.329908058409941,increase,True,True,True,112,2,1,0,2,0.0178571428571428,0.0089285714285714,0.0,0.0178571428571428
2008-11-24,49.51,4.600000000000001,0.10242707637497217,10.242707637497217,0.10242707637497217,10.242707637497217,increase,True,True,True,248,0,0,0,0,0.0,0.0,0.0,0.0
2020-03-12,31.02,-3.4300000000000033,-0.09956458635703924,-9.956458635703925,0.09956458635703924,9.956458635703925,decrease,True,True,True,106,0,0,0,0,0.0,0.0,0.0,0.0
2016-04-08,40.71,3.5600000000000023,0.09582772543741602,9.582772543741601,0.09582772543741602,9.582772543741601,increase,True,True,True,216,0,0,0,0,0.0,0.0,0.0,0.0
2020-04-23,15.06,1.290000000000001,0.09368191721132901,9.368191721132902,0.09368191721132901,9.368191721132902,increase,True,True,True,124,2,2,0,0,0.0161290322580645,0.0161290322580645,0.0,0.0
2004-01-05,32.3,2.7499999999999964,0.09306260575296088,9.306260575296088,0.09306260575296088,9.306260575296088,increase,True,True,True,215,0,0,0,0,0.0,0.0,0.0,0.0
2016-12-01,52.28,4.329999999999998,0.09030239833159537,9.030239833159538,0.09030239833159537,9.030239833159538,increase,True,True,True,194,2,1,2,0,0.0103092783505154,0.0051546391752577,0.0103092783505154,0.0
2016-02-26,35.76,2.9299999999999997,0.08924763935424918,8.924763935424917,0.08924763935424918,8.924763935424917,increase,True,True,True,235,0,0,0,0,0.0,0.0,0.0,0.0
2020-04-15,19.8,-1.9399999999999977,-0.08923643054277819,-8.923643054277818,0.08923643054277819,8.923643054277818,decrease,True,True,True,96,0,0,0,0,0.0,0.0,0.0,0.0
2015-02-02,51.74,4.219999999999999,0.08880471380471366,8.880471380471366,0.08880471380471366,8.880471380471366,increase,True,True,True,237,2,1,0,1,0.0084388185654008,0.0042194092827004,0.0,0.0042194092827004
2008-10-29,64.0,5.130000000000003,0.08714115848479698,8.714115848479697,0.08714115848479698,8.714115848479697,increase,True,True,True,249,0,0,0,0,0.0,0.0,0.0,0.0
2008-10-10,74.58,-7.070000000000007,-0.08658909981628915,-8.658909981628915,0.08658909981628915,8.658909981628915,decrease,True,True,True,246,0,0,0,0,0.0,0.0,0.0,0.0
2003-03-21,25.59,-2.41,-0.08607142857142858,-8.607142857142858,0.08607142857142858,8.607142857142858,decrease,True,True,True,215,2,1,2,0,0.0093023255813953,0.0046511627906976,0.0093023255813953,0.0
2008-06-06,132.81,10.450000000000003,0.0854037267080745,8.54037267080745,0.0854037267080745,8.54037267080745,increase,True,True,True,247,1,1,0,0,0.0040485829959514,0.0040485829959514,0.0,0.0
2009-02-17,39.69,-3.6700000000000017,-0.08464022140221406,-8.464022140221406,0.08464022140221406,8.464022140221406,decrease,True,True,True,246,0,0,0,0,0.0,0.0,0.0,0.0
2020-06-11,37.76,-3.4200000000000017,-0.08305002428363284,-8.305002428363284,0.08305002428363284,8.305002428363284,decrease,True,True,True,150,0,0,0,0,0.0,0.0,0.0,0.0
2021-03-18,62.11,-5.6200000000000045,-0.08297652443525771,-8.297652443525772,0.08297652443525771,8.297652443525772,decrease,True,True,True,90,0,0,0,0,0.0,0.0,0.0,0.0
2009-02-13,43.36,-3.8699999999999974,-0.08193944526783814,-8.193944526783813,0.08193944526783814,8.193944526783813,decrease,True,True,True,244,0,0,0,0,0.0,0.0,0.0,0.0
2008-11-06,56.14,-4.950000000000003,-0.08102799148796858,-8.102799148796858,0.08102799148796858,8.102799148796858,decrease,True,True,True,245,1,0,0,1,0.0040816326530612,0.0,0.0,0.0040816326530612
2020-03-26,23.55,-2.0700000000000003,-0.08079625292740045,-8.079625292740044,0.08079625292740045,8.079625292740044,decrease,True,True,True,102,0,0,0,0,0.0,0.0,0.0,0.0
2008-12-08,40.02,2.980000000000004,0.08045356371490286,8.045356371490286,0.08045356371490286,8.045356371490286,increase,True,True,True,244,1,0,0,1,0.0040983606557377,0.0,0.0,0.0040983606557377
2011-05-05,111.93,-9.61999999999999,-0.07914438502673793,-7.914438502673793,0.07914438502673793,7.914438502673793,decrease,True,True,False,243,0,0,0,0,0.0,0.0,0.0,0.0
2015-08-28,47.97,3.509999999999998,0.07894736842105265,7.8947368421052655,0.07894736842105265,7.8947368421052655,increase,True,True,False,273,0,0,0,0,0.0,0.0,0.0,0.0
2009-03-04,46.07,3.3500000000000014,0.07841760299625467,7.8417602996254665,0.07841760299625467,7.8417602996254665,increase,True,True,False,246,0,0,0,0,0.0,0.0,0.0,0.0
2008-08-21,117.24,8.519999999999996,0.07836644591611486,7.836644591611486,0.07836644591611486,7.836644591611486,increase,True,True,False,244,1,0,1,0,0.0040983606557377,0.0,0.0040983606557377,0.0
2015-01-05,51.08,-4.300000000000004,-0.07764535933550021,-7.764535933550021,0.07764535933550021,7.764535933550021,decrease,True,True,False,84,1,0,0,1,0.0119047619047619,0.0,0.0,0.0119047619047619
2020-05-18,33.3,2.349999999999998,0.07592891760904674,7.592891760904674,0.07592891760904674,7.592891760904674,increase,True,True,False,130,1,0,0,1,0.0076923076923076,0.0,0.0,0.0076923076923076
2020-06-01,36.74,2.5900000000000034,0.0758418740849196,7.58418740849196,0.0758418740849196,7.58418740849196,increase,True,True,False,129,0,0,0,0,0.0,0.0,0.0,0.0
2008-09-02,104.94,-8.549999999999997,-0.07533703409992065,-7.533703409992065,0.07533703409992065,7.533703409992065,decrease,True,True,False,247,0,0,0,0,0.0,0.0,0.0,0.0
2015-09-16,49.35,3.440000000000005,0.07492920932258773,7.492920932258773,0.07492920932258773,7.492920932258773,increase,True,True,False,303,0,0,0,0,0.0,0.0,0.0,0.0
2009-02-19,42.36,2.950000000000003,0.07485409794468412,7.485409794468412,0.07485409794468412,7.485409794468412,increase,True,True,False,248,0,0,0,0,0.0,0.0,0.0,0.0
2020-11-09,40.93,2.8500000000000014,0.07484243697478998,7.484243697478998,0.07484243697478998,7.484243697478998,increase,True,True,False,127,0,0,0,0,0.0,0.0,0.0,0.0
2020-04-14,21.74,1.509999999999998,0.07464162135442409,7.464162135442409,0.07464162135442409,7.464162135442409,increase,True,True,False,89,0,0,0,0,0.0,0.0,0.0,0.0
2008-09-22,100.43,6.970000000000013,0.07457735929809561,7.457735929809561,0.07457735929809561,7.457735929809561,increase,True,True,False,246,0,0,0,0,0.0,0.0,0.0,0.0
2008-12-23,35.27,-2.809999999999995,-0.07379201680672254,-7.379201680672254,0.07379201680672254,7.379201680672254,decrease,True,True,False,245,3,0,1,2,0.0122448979591836,0.0,0.0040816326530612,0.0081632653061224
2003-03-14,31.48,-2.4999999999999964,-0.07357268981753962,-7.357268981753961,0.07357268981753962,7.357268981753961,decrease,True,True,False,229,1,0,0,1,0.0043668122270742,0.0,0.0,0.0043668122270742
2016-11-30,47.95,3.270000000000003,0.07318710832587305,7.318710832587305,0.07318710832587305,7.318710832587305,increase,True,True,False,220,1,0,1,0,0.0045454545454545,0.0,0.0045454545454545,0.0
2015-02-13,60.33,4.100000000000001,0.07291481415614443,7.2914814156144425,0.07291481415614443,7.2914814156144425,increase,True,True,False,278,0,0,0,0,0.0,0.0,0.0,0.0
2003-12-22,28.78,-2.25,-0.07251047373509512,-7.251047373509511,0.07251047373509512,7.251047373509511,decrease,True,True,False,184,0,0,0,0,0.0,0.0,0.0,0.0
2020-04-06,22.58,-1.75,-0.07192766132346895,-7.192766132346895,0.07192766132346895,7.192766132346895,decrease,True,True,False,82,0,0,0,0,0.0,0.0,0.0,0.0
2015-08-03,49.49,-3.799999999999997,-0.07130793769938071,-7.130793769938071,0.07130793769938071,7.130793769938071,decrease,True,True,False,258,0,0,0,0,0.0,0.0,0.0,0.0
2009-01-08,42.94,-3.289999999999999,-0.07116590958252211,-7.116590958252211,0.07116590958252211,7.116590958252211,decrease,True,True,False,247,0,0,0,0,0.0,0.0,0.0,0.0
2014-11-28,71.89,-5.5,-0.07106861351595817,-7.106861351595817,0.07106861351595817,7.106861351595817,decrease,True,True,False,268,4,4,1,0,0.0149253731343283,0.0149253731343283,0.003731343283582,0.0
2004-07-01,35.58,2.3599999999999994,0.07104154124021678,7.104154124021678,0.07104154124021678,7.104154124021678,increase,True,True,False,230,1,0,1,0,0.0043478260869565,0.0,0.0043478260869565,0.0
2020-05-14,29.87,1.9800000000000004,0.07099318752240946,7.099318752240946,0.07099318752240946,7.099318752240946,increase,True,True,False,123,0,0,0,0,0.0,0.0,0.0,0.0
2020-03-23,23.75,-1.8000000000000007,-0.07045009784735812,-7.045009784735812,0.07045009784735812,7.045009784735812,decrease,True,True,False,99,0,0,0,0,0.0,0.0,0.0,0.0
2005-03-23,51.52,-3.8699999999999974,-0.06986820725762766,-6.986820725762765,0.06986820725762766,6.986820725762765,decrease,True,True,False,237,1,0,0,1,0.0042194092827004,0.0,0.0,0.0042194092827004
2019-01-02,54.06,3.490000000000002,0.06901324896183514,6.901324896183514,0.06901324896183514,6.901324896183514,increase,True,True,False,67,0,0,0,0,0.0,0.0,0.0,0.0
2008-10-24,60.57,-4.490000000000002,-0.06901321856747622,-6.9013218567476216,0.06901321856747622,6.9013218567476216,decrease,True,True,False,246,3,1,2,0,0.0121951219512195,0.0040650406504065,0.008130081300813,0.0
2021-07-19,69.33,-5.1299999999999955,-0.0688960515713134,-6.88960515713134,0.0688960515713134,6.88960515713134,decrease,True,True,False,33,0,0,0,0,0.0,0.0,0.0,0.0
2004-12-01,41.19,-3.039999999999999,-0.06873163011530636,-6.873163011530636,0.06873163011530636,6.873163011530636,decrease,True,True,False,235,1,1,0,0,0.0042553191489361,0.0042553191489361,0.0,0.0
2016-02-17,33.21,2.120000000000001,0.0681891283370859,6.81891283370859,0.0681891283370859,6.81891283370859,increase,True,True,False,233,1,1,0,0,0.0042918454935622,0.0042918454935622,0.0,0.0
2009-02-12,47.23,2.989999999999995,0.06758589511754054,6.758589511754054,0.06758589511754054,6.758589511754054,increase,True,True,False,247,0,0,0,0,0.0,0.0,0.0,0.0
2009-01-05,45.84,2.9000000000000057,0.06753609687936679,6.753609687936679,0.06753609687936679,6.753609687936679,increase,True,True,False,248,1,0,0,1,0.0040322580645161,0.0,0.0,0.0040322580645161
2020-06-05,41.0,2.5900000000000034,0.06743035667794861,6.743035667794861,0.06743035667794861,6.743035667794861,increase,True,True,False,137,0,0,0,0,0.0,0.0,0.0,0.0
2018-12-07,61.71,3.8800000000000026,0.06709320421926335,6.709320421926335,0.06709320421926335,6.709320421926335,increase,True,True,False,119,0,0,0,0,0.0,0.0,0.0,0.0
2008-12-16,42.0,-3.020000000000003,-0.067081297201244,-6.708129720124401,0.067081297201244,6.708129720124401,decrease,True,True,False,245,0,0,0,0,0.0,0.0,0.0,0.0
2015-11-13,41.98,-3.0,-0.0666963094708759,-6.66963094708759,0.0666963094708759,6.66963094708759,decrease,True,True,False,277,1,1,0,0,0.003610108303249,0.003610108303249,0.0,0.0
2009-01-06,48.89,3.049999999999997,0.06653577661431065,6.653577661431065,0.06653577661431065,6.653577661431065,increase,True,True,False,248,0,0,0,0,0.0,0.0,0.0,0.0
2020-09-02,42.7,-3.019999999999996,-0.06605424321959752,-6.605424321959752,0.06605424321959752,6.605424321959752,decrease,True,True,False,146,0,0,0,0,0.0,0.0,0.0,0.0
2009-03-13,44.97,2.780000000000001,0.06589239156198157,6.589239156198157,0.06589239156198157,6.589239156198157,increase,True,True,False,244,0,0,0,0,0.0,0.0,0.0,0.0
2009-02-26,45.15,2.780000000000001,0.0656124616473921,6.5612461647392095,0.0656124616473921,6.5612461647392095,increase,True,True,False,246,0,0,0,0,0.0,0.0,0.0,0.0
2004-12-02,38.49,-2.6999999999999957,-0.06554989075018203,-6.554989075018202,0.06554989075018203,6.554989075018202,decrease,True,True,False,233,1,1,0,0,0.0042918454935622,0.0042918454935622,0.0,0.0
2020-03-20,25.55,1.5700000000000003,0.06547122602168476,6.547122602168476,0.06547122602168476,6.547122602168476,increase,True,True,False,110,0,0,0,0,0.0,0.0,0.0,0.0
2020-02-03,54.0,-3.770000000000003,-0.06525878483642034,-6.525878483642034,0.06525878483642034,6.525878483642034,decrease,True,True,False,95,0,0,0,0,0.0,0.0,0.0,0.0
2004-09-02,42.39,2.5900000000000034,0.06507537688442211,6.507537688442211,0.06507537688442211,6.507537688442211,increase,True,True,False,236,4,2,1,1,0.0169491525423728,0.0084745762711864,0.0042372881355932,0.0042372881355932
2015-08-27,44.46,2.700000000000003,0.06465517241379315,6.465517241379315,0.06465517241379315,6.465517241379315,increase,True,True,False,281,0,0,0,0,0.0,0.0,0.0,0.0
2016-09-29,48.43,2.9399999999999977,0.06462958892064186,6.462958892064186,0.06462958892064186,6.462958892064186,increase,True,True,False,191,3,2,2,0,0.0157068062827225,0.0104712041884816,0.0104712041884816,0.0
2009-01-22,42.42,2.520000000000003,0.06315789473684208,6.315789473684208,0.06315789473684208,6.315789473684208,increase,True,True,False,248,1,0,0,1,0.0040322580645161,0.0,0.0,0.0040322580645161
2018-11-13,65.45,-4.359999999999999,-0.06245523563959321,-6.2455235639593205,0.06245523563959321,6.2455235639593205,decrease,True,True,False,112,1,0,0,1,0.0089285714285714,0.0,0.0,0.0089285714285714
2021-03-24,63.7,3.740000000000002,0.06237491661107408,6.237491661107408,0.06237491661107408,6.237491661107408,increase,True,True,False,60,1,1,0,0,0.0166666666666666,0.0166666666666666,0.0,0.0
2015-10-05,49.45,2.9000000000000057,0.06229860365198725,6.229860365198725,0.06229860365198725,6.229860365198725,increase,True,True,False,233,0,0,0,0,0.0,0.0,0.0,0.0
2008-12-15,45.02,2.6400000000000006,0.062293534686172825,6.2293534686172825,0.062293534686172825,6.2293534686172825,increase,True,True,False,247,0,0,0,0,0.0,0.0,0.0,0.0
2009-03-19,48.03,2.8100000000000023,0.062140645731977084,6.214064573197708,0.062140645731977084,6.214064573197708,increase,True,True,False,245,0,0,0,0,0.0,0.0,0.0,0.0
2009-06-22,66.13,-4.3500000000000085,-0.061719636776390585,-6.1719636776390585,0.061719636776390585,6.1719636776390585,decrease,True,True,False,247,1,0,1,0,0.0040485829959514,0.0,0.0040485829959514,0.0
2009-02-09,47.23,2.739999999999995,0.0615868734547087,6.15868734547087,0.0615868734547087,6.15868734547087,increase,True,True,False,246,0,0,0,0,0.0,0.0,0.0,0.0
2021-03-23,59.96,-3.9299999999999997,-0.0615119737048051,-6.15119737048051,0.0615119737048051,6.15119737048051,decrease,True,True,False,68,0,0,0,0,0.0,0.0,0.0,0.0
2019-08-07,55.03,-3.6000000000000014,-0.06140201262152489,-6.140201262152489,0.06140201262152489,6.140201262152489,decrease,True,True,False,109,0,0,0,0,0.0,0.0,0.0,0.0
2016-02-22,33.59,1.9300000000000033,0.06096020214782061,6.096020214782061,0.06096020214782061,6.096020214782061,increase,True,True,False,217,2,2,0,0,0.0092165898617511,0.0092165898617511,0.0,0.0
2007-10-29,89.87,5.160000000000011,0.06091370558375653,6.091370558375653,0.06091370558375653,6.091370558375653,increase,True,True,False,247,2,1,0,1,0.0080971659919028,0.0040485829959514,0.0,0.0040485829959514
2016-07-12,46.72,2.6799999999999997,0.060853769300635685,6.0853769300635685,0.060853769300635685,6.0853769300635685,increase,True,True,False,194,0,0,0,0,0.0,0.0,0.0,0.0
2016-01-21,27.59,1.5799999999999983,0.06074586697424067,6.074586697424067,0.06074586697424067,6.074586697424067,increase,True,True,False,227,2,1,0,1,0.0088105726872246,0.0044052863436123,0.0,0.0044052863436123
2009-08-19,72.81,4.150000000000006,0.06044276143314886,6.044276143314886,0.06044276143314886,6.044276143314886,increase,True,True,False,240,0,0,0,0,0.0,0.0,0.0,0.0
2003-11-24,27.99,-1.8000000000000007,-0.06042296072507558,-6.042296072507558,0.06042296072507558,6.042296072507558,decrease,True,True,False,214,0,0,0,0,0.0,0.0,0.0,0.0
2016-09-01,45.05,-2.8900000000000006,-0.06028368794326244,-6.028368794326244,0.06028368794326244,6.028368794326244,decrease,True,True,False,224,1,1,0,0,0.0044642857142857,0.0044642857142857,0.0,0.0
2016-05-03,43.09,-2.729999999999997,-0.05958096900916621,-5.958096900916621,0.05958096900916621,5.958096900916621,decrease,True,True,False,214,0,0,0,0,0.0,0.0,0.0,0.0
2009-03-31,46.13,-2.9199999999999946,-0.05953109072375118,-5.953109072375118,0.05953109072375118,5.953109072375118,decrease,True,True,False,246,0,0,0,0,0.0,0.0,0.0,0.0
2003-03-18,28.55,-1.8000000000000007,-0.05930807248764414,-5.930807248764413,0.05930807248764414,5.930807248764413,decrease,True,True,False,226,0,0,0,0,0.0,0.0,0.0,0.0
2003-04-02,26.29,-1.6500000000000021,-0.05905511811023634,-5.905511811023634,0.05905511811023634,5.905511811023634,decrease,True,True,False,226,1,0,0,1,0.0044247787610619,0.0,0.0,0.0044247787610619
2004-09-17,43.08,2.3999999999999986,0.05899705014749257,5.899705014749257,0.05899705014749257,5.899705014749257,increase,True,True,False,208,1,0,0,1,0.0048076923076923,0.0,0.0,0.0048076923076923
2010-02-04,71.3,-4.469999999999999,-0.05899432493071133,-5.899432493071133,0.05899432493071133,5.899432493071133,decrease,True,True,False,249,0,0,0,0,0.0,0.0,0.0,0.0
2005-09-19,64.04,3.5600000000000094,0.05886243386243395,5.886243386243395,0.05886243386243395,5.886243386243395,increase,True,True,False,239,5,1,0,4,0.0209205020920502,0.00418410041841,0.0,0.0167364016736401
2018-12-06,57.83,-3.5700000000000003,-0.05814332247557008,-5.814332247557008,0.05814332247557008,5.814332247557008,decrease,True,True,False,134,0,0,0,0,0.0,0.0,0.0,0.0
2008-07-11,143.68,7.8700000000000045,0.05794860466828666,5.794860466828666,0.05794860466828666,5.794860466828666,increase,True,True,False,247,4,1,0,3,0.0161943319838056,0.0040485829959514,0.0,0.0121457489878542
2015-09-03,50.41,2.739999999999995,0.05747849800713234,5.747849800713234,0.05747849800713234,5.747849800713234,increase,True,True,False,258,1,1,0,0,0.003875968992248,0.003875968992248,0.0,0.0
2010-08-02,81.93,4.430000000000007,0.05716129032258066,5.716129032258066,0.05716129032258066,5.716129032258066,increase,True,True,False,243,1,0,0,1,0.0041152263374485,0.0,0.0,0.0041152263374485
2003-12-08,30.52,1.6499999999999986,0.05715275372358852,5.715275372358852,0.05715275372358852,5.715275372358852,increase,True,True,False,242,1,0,1,0,0.0041322314049586,0.0,0.0041322314049586,0.0
2009-04-20,49.06,-2.960000000000001,-0.05690119184928877,-5.690119184928877,0.05690119184928877,5.690119184928877,decrease,True,True,False,245,0,0,0,0,0.0,0.0,0.0,0.0
2020-04-17,19.75,1.0599999999999987,0.05671482075976453,5.671482075976453,0.05671482075976453,5.671482075976453,increase,True,True,False,106,1,0,0,1,0.0094339622641509,0.0,0.0,0.0094339622641509
2016-01-08,31.67,-1.8999999999999986,-0.0565981531128984,-5.65981531128984,0.0565981531128984,5.65981531128984,decrease,True,True,False,200,0,0,0,0,0.0,0.0,0.0,0.0
2020-04-16,18.69,-1.1099999999999994,-0.05606060606060603,-5.606060606060604,0.05606060606060603,5.606060606060604,decrease,True,True,False,112,0,0,0,0,0.0,0.0,0.0,0.0
2018-11-23,57.69,-3.4200000000000017,-0.055964653902798256,-5.596465390279826,0.055964653902798256,5.596465390279826,decrease,True,True,False,141,0,0,0,0,0.0,0.0,0.0,0.0
2008-09-18,90.89,4.799999999999997,0.055755604599837305,5.5755604599837305,0.055755604599837305,5.5755604599837305,increase,True,True,False,244,0,0,0,0,0.0,0.0,0.0,0.0
2016-11-15,44.15,2.3200000000000003,0.05546258666029158,5.546258666029158,0.05546258666029158,5.546258666029158,increase,True,True,False,194,0,0,0,0,0.0,0.0,0.0,0.0
2004-06-01,39.05,2.049999999999997,0.055405405405405395,5.5405405405405395,0.055405405405405395,5.5405405405405395,increase,True,True,False,242,7,3,2,3,0.0289256198347107,0.012396694214876,0.0082644628099173,0.012396694214876
2021-01-05,53.16,2.789999999999999,0.05539011316259668,5.539011316259668,0.05539011316259668,5.539011316259668,increase,True,True,False,111,0,0,0,0,0.0,0.0,0.0,0.0
2005-01-06,43.25,2.25,0.054878048780487854,5.487804878048785,0.054878048780487854,5.487804878048785,increase,True,True,False,231,2,2,0,0,0.0086580086580086,0.0086580086580086,0.0,0.0
2006-09-20,59.09,-3.4299999999999997,-0.05486244401791429,-5.48624440179143,0.05486244401791429,5.48624440179143,decrease,True,True,False,240,1,0,0,1,0.0041666666666666,0.0,0.0,0.0041666666666666
2009-02-25,42.37,2.1899999999999977,0.05450472872075651,5.450472872075651,0.05450472872075651,5.450472872075651,increase,True,True,False,242,0,0,0,0,0.0,0.0,0.0,0.0
2009-01-07,46.23,-2.6600000000000037,-0.054407854366946284,-5.440785436694629,0.054407854366946284,5.440785436694629,decrease,True,True,False,242,1,0,1,0,0.0041322314049586,0.0,0.0041322314049586,0.0
2021-08-23,69.07,3.559999999999988,0.0543428484200883,5.43428484200883,0.0543428484200883,5.43428484200883,increase,True,True,False,57,0,0,0,0,0.0,0.0,0.0,0.0
2006-01-03,61.51,3.1699999999999946,0.05433664724031528,5.433664724031528,0.05433664724031528,5.433664724031528,increase,True,True,False,205,1,0,0,1,0.0048780487804878,0.0,0.0,0.0048780487804878
2020-06-24,40.4,-2.3200000000000003,-0.054307116104868935,-5.4307116104868935,0.054307116104868935,5.4307116104868935,decrease,True,True,False,147,0,0,0,0,0.0,0.0,0.0,0.0
2004-12-22,40.44,-2.3200000000000003,-0.05425631431244149,-5.425631431244149,0.05425631431244149,5.425631431244149,decrease,True,True,False,206,0,0,0,0,0.0,0.0,0.0,0.0
2019-06-03,63.16,-3.6200000000000045,-0.054207846660676906,-5.420784666067691,0.054207846660676906,5.420784666067691,decrease,True,True,False,82,0,0,0,0,0.0,0.0,0.0,0.0
2020-04-24,15.87,0.8099999999999987,0.05378486055776888,5.378486055776888,0.05378486055776888,5.378486055776888,increase,True,True,False,127,1,0,0,1,0.0078740157480314,0.0,0.0,0.0078740157480314
2020-05-11,25.53,1.3000000000000007,0.05365249690466367,5.365249690466367,0.05365249690466367,5.365249690466367,increase,True,True,False,110,0,0,0,0,0.0,0.0,0.0,0.0
2009-01-13,43.05,2.1899999999999977,0.053597650513949935,5.3597650513949935,0.053597650513949935,5.3597650513949935,increase,True,True,False,247,0,0,0,0,0.0,0.0,0.0,0.0
2006-09-28,60.68,3.0799999999999983,0.05347222222222214,5.347222222222214,0.05347222222222214,5.347222222222214,increase,True,True,False,24,1,0,1,0,0.0416666666666666,0.0,0.0416666666666666,0.0
2010-08-26,74.5,3.760000000000005,0.05315238903025166,5.315238903025166,0.05315238903025166,5.315238903025166,increase,True,True,False,245,0,0,0,0,0.0,0.0,0.0,0.0
2015-09-08,48.88,2.460000000000001,0.05299439896596292,5.299439896596292,0.05299439896596292,5.299439896596292,increase,True,True,False,278,1,1,0,0,0.0035971223021582,0.0035971223021582,0.0,0.0
2008-11-20,45.79,-2.5600000000000023,-0.05294725956566704,-5.294725956566704,0.05294725956566704,5.294725956566704,decrease,True,True,False,247,1,0,1,0,0.0040485829959514,0.0,0.0040485829959514,0.0
2016-04-06,37.77,1.8900000000000006,0.052675585284280846,5.267558528428085,0.052675585284280846,5.267558528428085,increase,True,True,False,226,1,1,0,0,0.0044247787610619,0.0044247787610619,0.0,0.0
2003-09-02,28.08,-1.5600000000000023,-0.052631578947368474,-5.263157894736848,0.052631578947368474,5.263157894736848,decrease,True,True,False,226,0,0,0,0,0.0,0.0,0.0,0.0
2020-09-08,38.53,-2.1400000000000006,-0.05261863781657239,-5.2618637816572384,0.05261863781657239,5.2618637816572384,decrease,True,True,False,144,0,0,0,0,0.0,0.0,0.0,0.0
2015-03-26,57.02,2.8400000000000034,0.052417866371354815,5.2417866371354815,0.052417866371354815,5.2417866371354815,increase,True,True,False,270,0,0,0,0,0.0,0.0,0.0,0.0
2020-03-19,23.98,1.1900000000000013,0.05221588415971934,5.221588415971934,0.05221588415971934,5.221588415971934,increase,True,True,False,118,1,0,0,1,0.0084745762711864,0.0,0.0,0.0084745762711864
2021-04-14,66.11,3.280000000000001,0.05220436097405701,5.220436097405701,0.05220436097405701,5.220436097405701,increase,True,True,False,34,0,0,0,0,0.0,0.0,0.0,0.0
2019-04-26,71.03,-3.9099999999999966,-0.05217507339204697,-5.217507339204697,0.05217507339204697,5.217507339204697,decrease,True,True,False,94,0,0,0,0,0.0,0.0,0.0,0.0
2009-03-23,51.84,2.5700000000000003,0.05216155875786477,5.216155875786477,0.05216155875786477,5.216155875786477,increase,True,True,False,244,0,0,0,0,0.0,0.0,0.0,0.0
2003-06-30,28.88,1.4299999999999997,0.052094717668488055,5.2094717668488055,0.052094717668488055,5.2094717668488055,increase,True,True,False,210,0,0,0,0,0.0,0.0,0.0,0.0
2019-04-23,74.39,3.680000000000007,0.05204355819544637,5.204355819544637,0.05204355819544637,5.204355819544637,increase,True,True,False,85,1,1,1,0,0.0117647058823529,0.0117647058823529,0.0117647058823529,0.0
2016-03-04,37.61,1.8599999999999994,0.052027972027971936,5.202797202797194,0.052027972027971936,5.202797202797194,increase,True,True,False,227,0,0,0,0,0.0,0.0,0.0,0.0
2009-08-31,69.02,-3.780000000000001,-0.05192307692307696,-5.192307692307696,0.05192307692307696,5.192307692307696,decrease,True,True,False,241,0,0,0,0,0.0,0.0,0.0,0.0
2015-02-03,54.41,2.6699999999999946,0.05160417471975243,5.160417471975243,0.05160417471975243,5.160417471975243,increase,True,True,False,260,1,1,0,0,0.0038461538461538,0.0038461538461538,0.0,0.0
2020-05-20,34.76,1.6999999999999957,0.051421657592256365,5.1421657592256365,0.051421657592256365,5.1421657592256365,increase,True,True,False,141,0,0,0,0,0.0,0.0,0.0,0.0
2015-02-12,56.23,2.75,0.05142109199700817,5.142109199700817,0.05142109199700817,5.142109199700817,increase,True,True,False,268,0,0,0,0,0.0,0.0,0.0,0.0
2015-08-24,41.59,-2.25,-0.05132299270072993,-5.132299270072993,0.05132299270072993,5.132299270072993,decrease,True,True,False,247,0,0,0,0,0.0,0.0,0.0,0.0
2006-06-09,69.13,3.3699999999999903,0.05124695863746953,5.124695863746953,0.05124695863746953,5.124695863746953,increase,True,True,False,240,1,0,0,1,0.0041666666666666,0.0,0.0,0.0041666666666666
2005-03-31,53.22,2.5899999999999963,0.05115544143788253,5.115544143788253,0.05115544143788253,5.115544143788253,increase,True,True,False,235,0,0,0,0,0.0,0.0,0.0,0.0
2015-03-16,52.0,-2.799999999999997,-0.05109489051094884,-5.109489051094885,0.05109489051094884,5.109489051094885,decrease,True,True,False,248,1,1,0,0,0.0040322580645161,0.0040322580645161,0.0,0.0
2009-09-08,69.2,3.3599999999999994,0.051032806804374164,5.1032806804374164,0.051032806804374164,5.1032806804374164,increase,True,True,False,243,0,0,0,0,0.0,0.0,0.0,0.0
2008-09-16,85.85,-4.6000000000000085,-0.05085682697623006,-5.085682697623007,0.05085682697623006,5.085682697623007,decrease,True,True,False,244,2,1,1,0,0.0081967213114754,0.0040983606557377,0.0040983606557377,0.0
2005-07-12,58.95,2.8500000000000014,0.050802139037433136,5.080213903743314,0.050802139037433136,5.080213903743314,increase,True,True,False,244,3,1,0,2,0.0122950819672131,0.0040983606557377,0.0,0.0081967213114754
2010-05-26,70.59,3.4099999999999966,0.0507591545102708,5.07591545102708,0.0507591545102708,5.07591545102708,increase,True,True,False,244,0,0,0,0,0.0,0.0,0.0,0.0
2009-01-20,41.22,-2.200000000000003,-0.050667894979272265,-5.0667894979272265,0.050667894979272265,5.0667894979272265,decrease,True,True,False,244,1,1,0,0,0.0040983606557377,0.0040983606557377,0.0,0.0
2015-05-29,63.16,3.039999999999999,0.05056553559547572,5.056553559547572,0.05056553559547572,5.056553559547572,increase,True,True,False,265,0,0,0,0,0.0,0.0,0.0,0.0
2004-04-07,33.07,1.5899999999999999,0.05050825921219815,5.050825921219815,0.05050825921219815,5.050825921219815,increase,True,True,False,239,1,0,0,1,0.00418410041841,0.0,0.0,0.00418410041841
2003-03-27,27.29,1.3099999999999987,0.05042340261739797,5.042340261739797,0.05042340261739797,5.042340261739797,increase,True,True,False,228,0,0,0,0,0.0,0.0,0.0,0.0
2020-02-27,52.19,-2.770000000000003,-0.05040029112081523,-5.040029112081523,0.05040029112081523,5.040029112081523,decrease,True,True,False,106,0,0,0,0,0.0,0.0,0.0,0.0
2012-06-01,98.63,-5.230000000000004,-0.05035624879645684,-5.035624879645684,0.05035624879645684,5.035624879645684,decrease,True,True,False,247,0,0,0,0,0.0,0.0,0.0,0.0
2016-02-23,31.9,-1.6900000000000048,-0.050312593033641106,-5.031259303364111,0.050312593033641106,5.031259303364111,decrease,True,True,False,222,4,1,1,2,0.018018018018018,0.0045045045045045,0.0045045045045045,0.009009009009009
2016-01-18,27.36,-1.4400000000000013,-0.050000000000000044,-5.000000000000004,0.050000000000000044,5.000000000000004,decrease,True,True,False,215,1,0,0,1,0.0046511627906976,0.0,0.0,0.0046511627906976
2009-10-06,68.51,3.25,0.04980079681274896,4.980079681274896,0.04980079681274896,4.980079681274896,increase,True,True,False,242,0,0,0,0,0.0,0.0,0.0,0.0
2004-03-15,34.39,1.6300000000000026,0.0497557997557998,4.97557997557998,0.0497557997557998,4.97557997557998,increase,True,True,False,220,0,0,0,0,0.0,0.0,0.0,0.0
2017-03-09,50.65,-2.6499999999999986,-0.04971857410881797,-4.971857410881797,0.04971857410881797,4.971857410881797,decrease,True,True,False,186,1,1,0,0,0.0053763440860215,0.0053763440860215,0.0,0.0
2018-12-20,52.84,-2.759999999999998,-0.04964028776978413,-4.964028776978413,0.04964028776978413,4.964028776978413,decrease,True,True,False,119,1,0,0,1,0.0084033613445378,0.0,0.0,0.0084033613445378
2019-05-23,68.37,-3.569999999999993,-0.04962468723936608,-4.962468723936608,0.04962468723936608,4.962468723936608,decrease,True,True,False,112,0,0,0,0,0.0,0.0,0.0,0.0
2016-07-05,45.64,-2.3800000000000026,-0.04956268221574345,-4.956268221574344,0.04956268221574345,4.956268221574344,decrease,True,True,False,217,0,0,0,0,0.0,0.0,0.0,0.0
2020-05-06,24.2,-1.2600000000000016,-0.049489395129615144,-4.948939512961514,0.049489395129615144,4.948939512961514,decrease,True,True,False,163,2,0,1,1,0.0122699386503067,0.0,0.0061349693251533,0.0061349693251533
2016-01-20,26.01,-1.3499999999999979,-0.049342105263157854,-4.934210526315786,0.049342105263157854,4.934210526315786,decrease,True,True,False,224,2,0,0,2,0.0089285714285714,0.0,0.0,0.0089285714285714
2020-03-27,22.39,-1.1600000000000001,-0.049256900212314214,-4.925690021231421,0.049256900212314214,4.925690021231421,decrease,True,True,False,116,0,0,0,0,0.0,0.0,0.0,0.0
2005-07-11,56.1,-2.8999999999999986,-0.04915254237288136,-4.915254237288136,0.04915254237288136,4.915254237288136,decrease,True,True,False,228,0,0,0,0,0.0,0.0,0.0,0.0
2006-07-19,71.62,-3.6999999999999886,-0.04912373871481668,-4.912373871481668,0.04912373871481668,4.912373871481668,decrease,True,True,False,235,2,0,0,2,0.0085106382978723,0.0,0.0,0.0085106382978723
2008-10-30,60.86,-3.1400000000000006,-0.04906250000000001,-4.906250000000001,0.04906250000000001,4.906250000000001,decrease,True,True,False,247,1,0,0,1,0.0040485829959514,0.0,0.0,0.0040485829959514
2021-08-02,73.91,-3.8100000000000023,-0.049022130725681956,-4.902213072568196,0.049022130725681956,4.902213072568196,decrease,True,True,False,44,1,0,1,0,0.0227272727272727,0.0,0.0227272727272727,0.0
2008-09-29,95.96,-4.920000000000002,-0.048770816812053974,-4.877081681205397,0.048770816812053974,4.877081681205397,decrease,True,True,False,245,0,0,0,0,0.0,0.0,0.0,0.0
2016-05-09,42.43,-2.1700000000000017,-0.04865470852017939,-4.865470852017939,0.04865470852017939,4.865470852017939,decrease,True,True,False,210,0,0,0,0,0.0,0.0,0.0,0.0
2004-11-15,39.32,-2.009999999999998,-0.048632954270505624,-4.863295427050563,0.048632954270505624,4.863295427050563,decrease,True,True,False,229,0,0,0,0,0.0,0.0,0.0,0.0
2016-08-15,47.31,2.190000000000005,0.04853723404255339,4.853723404255339,0.04853723404255339,4.853723404255339,increase,True,True,False,205,0,0,0,0,0.0,0.0,0.0,0.0
2019-08-13,59.9,2.769999999999996,0.048485909329599064,4.848590932959906,0.048485909329599064,4.848590932959906,increase,True,True,False,119,0,0,0,0,0.0,0.0,0.0,0.0
2012-07-03,99.89,4.609999999999999,0.048383711167086396,4.83837111670864,0.048383711167086396,4.83837111670864,increase,True,True,False,246,1,0,0,1,0.0040650406504065,0.0,0.0,0.0040650406504065
2016-08-11,44.23,2.039999999999999,0.048352690210950344,4.835269021095034,0.048352690210950344,4.835269021095034,increase,True,True,False,220,1,0,0,1,0.0045454545454545,0.0,0.0,0.0045454545454545
2016-01-11,30.14,-1.5300000000000011,-0.0483107041364067,-4.831070413640671,0.0483107041364067,4.831070413640671,decrease,True,True,False,209,0,0,0,0,0.0,0.0,0.0,0.0
2005-06-17,56.92,2.6200000000000045,0.04825046040515657,4.825046040515657,0.04825046040515657,4.825046040515657,increase,True,True,False,239,0,0,0,0,0.0,0.0,0.0,0.0
2018-11-01,71.25,-3.5900000000000034,-0.047969000534473616,-4.796900053447361,0.047969000534473616,4.796900053447361,decrease,True,True,False,140,0,0,0,0,0.0,0.0,0.0,0.0
2008-10-06,84.71,-4.240000000000009,-0.04766722878021368,-4.766722878021367,0.04766722878021368,4.766722878021367,decrease,True,True,False,241,0,0,0,0,0.0,0.0,0.0,0.0
2003-03-26,25.98,-1.3000000000000007,-0.047653958944281594,-4.76539589442816,0.047653958944281594,4.76539589442816,decrease,True,True,False,224,0,0,0,0,0.0,0.0,0.0,0.0
2019-09-04,60.68,2.75,0.047471085793198586,4.747108579319859,0.047471085793198586,4.747108579319859,increase,True,True,False,126,0,0,0,0,0.0,0.0,0.0,0.0
2016-09-08,49.23,2.229999999999997,0.047446808510638316,4.744680851063832,0.047446808510638316,4.744680851063832,increase,True,True,False,216,0,0,0,0,0.0,0.0,0.0,0.0
2011-06-15,114.67,-5.679999999999993,-0.047195679268799307,-4.719567926879931,0.047195679268799307,4.719567926879931,decrease,True,True,False,242,0,0,0,0,0.0,0.0,0.0,0.0
2017-06-27,46.17,2.0799999999999983,0.047176230437740996,4.7176230437741,0.047176230437740996,4.7176230437741,increase,True,True,False,163,0,0,0,0,0.0,0.0,0.0,0.0
2016-11-11,41.61,-2.0600000000000023,-0.04717197160522102,-4.717197160522102,0.04717197160522102,4.717197160522102,decrease,True,True,False,213,0,0,0,0,0.0,0.0,0.0,0.0
2015-05-26,61.65,-3.0500000000000043,-0.047140649149922775,-4.714064914992278,0.047140649149922775,4.714064914992278,decrease,True,True,False,272,0,0,0,0,0.0,0.0,0.0,0.0
2016-02-09,30.15,-1.490000000000002,-0.04709228824273082,-4.709228824273081,0.04709228824273082,4.709228824273081,decrease,True,True,False,226,0,0,0,0,0.0,0.0,0.0,0.0
2016-05-11,46.08,2.0700000000000003,0.04703476482617597,4.703476482617597,0.04703476482617597,4.703476482617597,increase,True,True,False,215,1,1,0,0,0.0046511627906976,0.0046511627906976,0.0,0.0
2016-12-16,54.15,2.4299999999999997,0.04698375870069604,4.698375870069604,0.04698375870069604,4.698375870069604,increase,True,True,False,165,1,0,0,1,0.006060606060606,0.0,0.0,0.006060606060606
2016-01-06,33.89,-1.6700000000000017,-0.046962879640045085,-4.696287964004508,0.046962879640045085,4.696287964004508,decrease,True,True,False,207,0,0,0,0,0.0,0.0,0.0,0.0
2020-10-05,39.78,1.7800000000000011,0.04684210526315802,4.684210526315802,0.04684210526315802,4.684210526315802,increase,True,True,False,105,0,0,0,0,0.0,0.0,0.0,0.0
2011-06-23,108.27,-5.320000000000007,-0.046835108724359586,-4.683510872435958,0.046835108724359586,4.683510872435958,decrease,True,True,False,310,0,0,0,0,0.0,0.0,0.0,0.0
2020-10-28,37.86,-1.8599999999999994,-0.04682779456193353,-4.682779456193353,0.04682779456193353,4.682779456193353,decrease,True,True,False,135,0,0,0,0,0.0,0.0,0.0,0.0
2019-07-18,60.7,-2.969999999999999,-0.04664677242029214,-4.664677242029214,0.04664677242029214,4.664677242029214,decrease,True,True,False,104,0,0,0,0,0.0,0.0,0.0,0.0
2007-02-16,56.78,2.530000000000001,0.04663594470046095,4.663594470046095,0.04663594470046095,4.663594470046095,increase,True,True,False,240,0,0,0,0,0.0,0.0,0.0,0.0
2010-02-16,74.82,3.3299999999999983,0.04657994125052456,4.657994125052456,0.04657994125052456,4.657994125052456,increase,True,True,False,246,0,0,0,0,0.0,0.0,0.0,0.0
2010-05-07,76.48,-3.7299999999999898,-0.04650292980925064,-4.650292980925064,0.04650292980925064,4.650292980925064,decrease,True,True,False,243,0,0,0,0,0.0,0.0,0.0,0.0
2017-11-06,64.27,2.8499999999999943,0.046401823510257234,4.640182351025723,0.046401823510257234,4.640182351025723,increase,True,True,False,131,0,0,0,0,0.0,0.0,0.0,0.0
2018-05-09,77.6,3.4399999999999977,0.04638619201725991,4.638619201725991,0.04638619201725991,4.638619201725991,increase,True,True,False,120,0,0,0,0,0.0,0.0,0.0,0.0
2016-02-19,31.66,-1.5400000000000027,-0.04638554216867474,-4.638554216867474,0.04638554216867474,4.638554216867474,decrease,True,True,False,226,1,1,0,0,0.0044247787610619,0.0044247787610619,0.0,0.0
2015-03-10,55.95,-2.719999999999999,-0.04636100221578321,-4.636100221578321,0.04636100221578321,4.636100221578321,decrease,True,True,False,304,2,0,0,2,0.006578947368421,0.0,0.0,0.006578947368421
2008-10-22,62.95,-3.039999999999992,-0.0460675859978783,-4.60675859978783,0.0460675859978783,4.60675859978783,decrease,True,True,False,244,0,0,0,0,0.0,0.0,0.0,0.0
2009-07-30,68.82,3.029999999999987,0.04605563155494741,4.605563155494741,0.04605563155494741,4.605563155494741,increase,True,True,False,249,0,0,0,0,0.0,0.0,0.0,0.0
2005-01-13,45.76,2.009999999999998,0.04594285714285706,4.594285714285706,0.04594285714285706,4.594285714285706,increase,True,True,False,237,2,1,0,1,0.0084388185654008,0.0042194092827004,0.0,0.0042194092827004
2012-06-21,89.22,-4.280000000000001,-0.04577540106951872,-4.577540106951872,0.04577540106951872,4.577540106951872,decrease,True,True,False,247,0,0,0,0,0.0,0.0,0.0,0.0
2020-05-13,27.89,1.2199999999999989,0.04574428196475444,4.574428196475444,0.04574428196475444,4.574428196475444,increase,True,True,False,136,0,0,0,0,0.0,0.0,0.0,0.0
2020-03-25,25.62,1.120000000000001,0.04571428571428582,4.571428571428582,0.04571428571428582,4.571428571428582,increase,True,True,False,121,0,0,0,0,0.0,0.0,0.0,0.0
2016-06-29,48.4,2.1099999999999994,0.045582199179088345,4.5582199179088345,0.045582199179088345,4.5582199179088345,increase,True,True,False,216,0,0,0,0,0.0,0.0,0.0,0.0
2004-06-03,36.26,-1.730000000000004,-0.04553829955251387,-4.553829955251388,0.04553829955251387,4.553829955251388,decrease,True,True,False,242,5,2,2,1,0.0206611570247933,0.0082644628099173,0.0082644628099173,0.0041322314049586
2005-04-19,50.79,2.210000000000001,0.04549197200494026,4.549197200494026,0.04549197200494026,4.549197200494026,increase,True,True,False,234,2,0,0,2,0.0085470085470085,0.0,0.0,0.0085470085470085
2016-06-20,48.68,2.1099999999999994,0.04530813828645042,4.530813828645042,0.04530813828645042,4.530813828645042,increase,True,True,False,209,0,0,0,0,0.0,0.0,0.0,0.0
2016-02-02,30.98,-1.4700000000000024,-0.045300462249614815,-4.530046224961481,0.045300462249614815,4.530046224961481,decrease,True,True,False,226,1,0,0,1,0.0044247787610619,0.0,0.0,0.0044247787610619
2019-01-04,55.64,2.4100000000000037,0.045275220740184086,4.527522074018409,0.045275220740184086,4.527522074018409,increase,True,True,False,79,0,0,0,0,0.0,0.0,0.0,0.0
2015-10-28,47.6,2.0600000000000023,0.0452349582784366,4.52349582784366,0.0452349582784366,4.52349582784366,increase,True,True,False,303,0,0,0,0,0.0,0.0,0.0,0.0
2011-02-22,106.82,4.61999999999999,0.045205479452054664,4.520547945205466,0.045205479452054664,4.520547945205466,increase,True,True,False,380,3,2,1,0,0.0078947368421052,0.0052631578947368,0.0026315789473684,0.0
