event_id,anchor_date,anchor_direction,anchor_absolute_return_pct,relative_trading_day,observation_date,all_oil_mean_sentiment,all_oil_negative_share,all_oil_headline_count,market_prices_mean_sentiment,market_prices_negative_share,market_prices_headline_count,supply_geopolitics_mean_sentiment,supply_geopolitics_negative_share,supply_geopolitics_headline_count,consumer_fuel_mean_sentiment,consumer_fuel_negative_share,consumer_fuel_headline_count
1,2003-03-21,decrease,8.607142857142858,-5,2003-03-14,0.0,0.0,1,,,0,,,0,0.0,0.0,1
1,2003-03-21,decrease,8.607142857142858,-4,2003-03-17,,,0,,,0,,,0,,,0
1,2003-03-21,decrease,8.607142857142858,-3,2003-03-18,,,0,,,0,,,0,,,0
1,2003-03-21,decrease,8.607142857142858,-2,2003-03-19,-0.58565,1.0,2,-0.5719,1.0,1,,,0,-0.5994,1.0,1
1,2003-03-21,decrease,8.607142857142858,-1,2003-03-20,-0.19432500000000003,0.5,4,,,0,-0.0593,0.3333333333333333,3,-0.5994,1.0,1
1,2003-03-21,decrease,8.607142857142858,0,2003-03-21,-0.2997,0.5,2,-0.5994,1.0,1,-0.2997,0.5,2,,,0
1,2003-03-21,decrease,8.607142857142858,1,2003-03-24,0.074875,0.25,4,-0.1531,1.0,1,0.074875,0.25,4,,,0
1,2003-03-21,decrease,8.607142857142858,2,2003-03-25,0.07415,0.5,2,,,0,0.4215,0.0,1,-0.2732,1.0,1
1,2003-03-21,decrease,8.607142857142858,3,2003-03-26,,,0,,,0,,,0,,,0
1,2003-03-21,decrease,8.607142857142858,4,2003-03-27,,,0,,,0,,,0,,,0
1,2003-03-21,decrease,8.607142857142858,5,2003-03-28,-0.035150000000000015,0.25,4,,,0,-0.04686666666666669,0.3333333333333333,3,0.0,0.0,1
2,2003-06-30,increase,5.2094717668488055,-5,2003-06-23,,,0,,,0,,,0,,,0
2,2003-06-30,increase,5.2094717668488055,-4,2003-06-24,,,0,,,0,,,0,,,0
2,2003-06-30,increase,5.2094717668488055,-3,2003-06-25,,,0,,,0,,,0,,,0
2,2003-06-30,increase,5.2094717668488055,-2,2003-06-26,-0.4404,1.0,1,,,0,-0.4404,1.0,1,,,0
2,2003-06-30,increase,5.2094717668488055,-1,2003-06-27,,,0,,,0,,,0,,,0
2,2003-06-30,increase,5.2094717668488055,0,2003-06-30,,,0,,,0,,,0,,,0
2,2003-06-30,increase,5.2094717668488055,1,2003-07-01,-0.4404,1.0,1,,,0,,,0,-0.4404,1.0,1
2,2003-06-30,increase,5.2094717668488055,2,2003-07-02,-0.2732,1.0,1,,,0,,,0,-0.2732,1.0,1
2,2003-06-30,increase,5.2094717668488055,3,2003-07-03,,,0,,,0,,,0,,,0
2,2003-06-30,increase,5.2094717668488055,4,2003-07-04,0.0,0.0,1,,,0,,,0,0.0,0.0,1
2,2003-06-30,increase,5.2094717668488055,5,2003-07-07,,,0,,,0,,,0,,,0
3,2003-09-02,decrease,5.263157894736848,-5,2003-08-26,0.0,0.0,1,,,0,0.0,0.0,1,,,0
3,2003-09-02,decrease,5.263157894736848,-4,2003-08-27,,,0,,,0,,,0,,,0
3,2003-09-02,decrease,5.263157894736848,-3,2003-08-28,,,0,,,0,,,0,,,0
3,2003-09-02,decrease,5.263157894736848,-2,2003-08-29,,,0,,,0,,,0,,,0
3,2003-09-02,decrease,5.263157894736848,-1,2003-09-01,,,0,,,0,,,0,,,0
3,2003-09-02,decrease,5.263157894736848,0,2003-09-02,,,0,,,0,,,0,,,0
3,2003-09-02,decrease,5.263157894736848,1,2003-09-03,,,0,,,0,,,0,,,0
3,2003-09-02,decrease,5.263157894736848,2,2003-09-04,,,0,,,0,,,0,,,0
3,2003-09-02,decrease,5.263157894736848,3,2003-09-05,,,0,,,0,,,0,,,0
3,2003-09-02,decrease,5.263157894736848,4,2003-09-08,,,0,,,0,,,0,,,0
3,2003-09-02,decrease,5.263157894736848,5,2003-09-09,,,0,,,0,,,0,,,0
4,2004-01-05,increase,9.306260575296088,-5,2003-12-24,,,0,,,0,,,0,,,0
4,2004-01-05,increase,9.306260575296088,-4,2003-12-29,,,0,,,0,,,0,,,0
4,2004-01-05,increase,9.306260575296088,-3,2003-12-30,0.0772,0.0,1,,,0,0.0772,0.0,1,,,0
4,2004-01-05,increase,9.306260575296088,-2,2003-12-31,,,0,,,0,,,0,,,0
4,2004-01-05,increase,9.306260575296088,-1,2004-01-02,0.5574,0.0,1,,,0,0.5574,0.0,1,,,0
4,2004-01-05,increase,9.306260575296088,0,2004-01-05,,,0,,,0,,,0,,,0
4,2004-01-05,increase,9.306260575296088,1,2004-01-06,,,0,,,0,,,0,,,0
4,2004-01-05,increase,9.306260575296088,2,2004-01-07,,,0,,,0,,,0,,,0
4,2004-01-05,increase,9.306260575296088,3,2004-01-08,,,0,,,0,,,0,,,0
4,2004-01-05,increase,9.306260575296088,4,2004-01-09,0.296,0.0,1,0.296,0.0,1,0.296,0.0,1,,,0
4,2004-01-05,increase,9.306260575296088,5,2004-01-12,,,0,,,0,,,0,,,0
5,2004-03-15,increase,4.97557997557998,-5,2004-03-08,,,0,,,0,,,0,,,0
5,2004-03-15,increase,4.97557997557998,-4,2004-03-09,,,0,,,0,,,0,,,0
5,2004-03-15,increase,4.97557997557998,-3,2004-03-10,,,0,,,0,,,0,,,0
5,2004-03-15,increase,4.97557997557998,-2,2004-03-11,,,0,,,0,,,0,,,0
5,2004-03-15,increase,4.97557997557998,-1,2004-03-12,,,0,,,0,,,0,,,0
5,2004-03-15,increase,4.97557997557998,0,2004-03-15,,,0,,,0,,,0,,,0
5,2004-03-15,increase,4.97557997557998,1,2004-03-16,,,0,,,0,,,0,,,0
5,2004-03-15,increase,4.97557997557998,2,2004-03-17,-0.5994,1.0,1,-0.5994,1.0,1,-0.5994,1.0,1,,,0
5,2004-03-15,increase,4.97557997557998,3,2004-03-18,0.0,0.0,2,0.0,0.0,1,,,0,0.0,0.0,1
5,2004-03-15,increase,4.97557997557998,4,2004-03-19,0.3612,0.0,1,0.3612,0.0,1,,,0,,,0
5,2004-03-15,increase,4.97557997557998,5,2004-03-22,,,0,,,0,,,0,,,0
6,2004-04-07,increase,5.050825921219815,-5,2004-03-31,-0.02345,0.5,2,-0.2732,1.0,1,0.2263,0.0,1,,,0
6,2004-04-07,increase,5.050825921219815,-4,2004-04-01,,,0,,,0,,,0,,,0
6,2004-04-07,increase,5.050825921219815,-3,2004-04-02,,,0,,,0,,,0,,,0
6,2004-04-07,increase,5.050825921219815,-2,2004-04-05,,,0,,,0,,,0,,,0
6,2004-04-07,increase,5.050825921219815,-1,2004-04-06,,,0,,,0,,,0,,,0
6,2004-04-07,increase,5.050825921219815,0,2004-04-07,0.0,0.0,1,,,0,,,0,0.0,0.0,1
6,2004-04-07,increase,5.050825921219815,1,2004-04-08,,,0,,,0,,,0,,,0
6,2004-04-07,increase,5.050825921219815,2,2004-04-09,,,0,,,0,,,0,,,0
6,2004-04-07,increase,5.050825921219815,3,2004-04-12,0.0,0.0,1,,,0,,,0,0.0,0.0,1
6,2004-04-07,increase,5.050825921219815,4,2004-04-13,,,0,,,0,,,0,,,0
6,2004-04-07,increase,5.050825921219815,5,2004-04-14,,,0,,,0,,,0,,,0
7,2004-06-01,increase,5.54054054054054,-5,2004-05-25,0.0,0.0,3,0.0,0.0,1,0.0,0.0,1,0.0,0.0,1
7,2004-06-01,increase,5.54054054054054,-4,2004-05-26,-0.1366,0.5,2,-0.2732,1.0,1,,,0,0.0,0.0,1
7,2004-06-01,increase,5.54054054054054,-3,2004-05-27,0.0,0.0,1,0.0,0.0,1,,,0,,,0
7,2004-06-01,increase,5.54054054054054,-2,2004-05-28,0.2283666666666667,0.0,3,0.2294,0.0,2,0.2263,0.0,1,,,0
7,2004-06-01,increase,5.54054054054054,-1,2004-05-31,-0.1366,0.5,2,-0.2732,1.0,1,-0.2732,1.0,1,0.0,0.0,1
7,2004-06-01,increase,5.54054054054054,0,2004-06-01,0.03835714285714286,0.2857142857142857,7,0.23653333333333335,0.0,3,0.20095,0.0,2,-0.28099999999999997,0.6666666666666666,3
7,2004-06-01,increase,5.54054054054054,1,2004-06-02,0.0744,0.16666666666666666,6,0.23886666666666667,0.0,3,0.0,0.0,1,-0.1351,0.5,2
7,2004-06-01,increase,5.54054054054054,2,2004-06-03,0.15897999999999998,0.0,5,0.0,0.0,2,0.39744999999999997,0.0,2,0.0,0.0,1
7,2004-06-01,increase,5.54054054054054,3,2004-06-04,-0.07655,0.5,2,-0.1531,1.0,1,,,0,0.0,0.0,1
7,2004-06-01,increase,5.54054054054054,4,2004-06-07,-0.4588,1.0,1,,,0,-0.4588,1.0,1,,,0
7,2004-06-01,increase,5.54054054054054,5,2004-06-08,0.296,0.0,1,0.296,0.0,1,,,0,,,0
8,2004-07-01,increase,7.104154124021678,-5,2004-06-24,,,0,,,0,,,0,,,0
8,2004-07-01,increase,7.104154124021678,-4,2004-06-25,,,0,,,0,,,0,,,0
8,2004-07-01,increase,7.104154124021678,-3,2004-06-28,-0.3182,1.0,1,,,0,,,0,-0.3182,1.0,1
8,2004-07-01,increase,7.104154124021678,-2,2004-06-29,,,0,,,0,,,0,,,0
8,2004-07-01,increase,7.104154124021678,-1,2004-06-30,,,0,,,0,,,0,,,0
8,2004-07-01,increase,7.104154124021678,0,2004-07-01,0.0,0.0,1,,,0,0.0,0.0,1,,,0
8,2004-07-01,increase,7.104154124021678,1,2004-07-02,,,0,,,0,,,0,,,0
8,2004-07-01,increase,7.104154124021678,2,2004-07-05,-0.5267,1.0,1,,,0,-0.5267,1.0,1,,,0
8,2004-07-01,increase,7.104154124021678,3,2004-07-06,-0.4939,1.0,1,,,0,,,0,-0.4939,1.0,1
8,2004-07-01,increase,7.104154124021678,4,2004-07-07,-0.1366,0.5,2,0.0,0.0,1,,,0,-0.2732,1.0,1
8,2004-07-01,increase,7.104154124021678,5,2004-07-08,-0.3286,1.0,2,,,0,-0.3612,1.0,1,-0.296,1.0,1
9,2004-09-02,increase,6.507537688442211,-5,2004-08-25,-0.21075,0.5,2,0.0,0.0,1,,,0,-0.4215,1.0,1
9,2004-09-02,increase,6.507537688442211,-4,2004-08-26,-0.099675,0.5,4,-0.1329,0.6666666666666666,3,,,0,0.0,0.0,1
9,2004-09-02,increase,6.507537688442211,-3,2004-08-27,0.3412,0.0,1,0.3412,0.0,1,0.3412,0.0,1,,,0
9,2004-09-02,increase,6.507537688442211,-2,2004-08-30,,,0,,,0,,,0,,,0
9,2004-09-02,increase,6.507537688442211,-1,2004-08-31,-0.4588,1.0,1,,,0,-0.4588,1.0,1,,,0
9,2004-09-02,increase,6.507537688442211,0,2004-09-02,-0.044275,0.5,4,-0.06275,0.5,2,-0.0516,1.0,1,0.0,0.0,1
9,2004-09-02,increase,6.507537688442211,1,2004-09-03,0.28969999999999996,0.0,4,0.3862666666666666,0.0,3,,,0,0.1591,0.0,2
9,2004-09-02,increase,6.507537688442211,2,2004-09-06,,,0,,,0,,,0,,,0
9,2004-09-02,increase,6.507537688442211,3,2004-09-07,-0.1779,1.0,1,,,0,-0.1779,1.0,1,,,0
9,2004-09-02,increase,6.507537688442211,4,2004-09-08,,,0,,,0,,,0,,,0
9,2004-09-02,increase,6.507537688442211,5,2004-09-09,0.0,0.0,1,,,0,0.0,0.0,1,,,0
10,2004-09-17,increase,5.899705014749257,-5,2004-09-10,0.0,0.0,1,,,0,0.0,0.0,1,,,0
10,2004-09-17,increase,5.899705014749257,-4,2004-09-13,,,0,,,0,,,0,,,0
10,2004-09-17,increase,5.899705014749257,-3,2004-09-14,,,0,,,0,,,0,,,0
10,2004-09-17,increase,5.899705014749257,-2,2004-09-15,,,0,,,0,,,0,,,0
10,2004-09-17,increase,5.899705014749257,-1,2004-09-16,0.0258,0.0,2,0.0516,0.0,1,0.0258,0.0,2,,,0
10,2004-09-17,increase,5.899705014749257,0,2004-09-17,0.0,0.0,1,,,0,,,0,0.0,0.0,1
10,2004-09-17,increase,5.899705014749257,1,2004-09-20,0.0,0.0,1,0.0,0.0,1,,,0,,,0
10,2004-09-17,increase,5.899705014749257,2,2004-09-21,0.0,0.0,1,0.0,0.0,1,,,0,,,0
10,2004-09-17,increase,5.899705014749257,3,2004-09-22,,,0,,,0,,,0,,,0
10,2004-09-17,increase,5.899705014749257,4,2004-09-23,-0.24695,0.5,2,-0.24695,0.5,2,,,0,,,0
10,2004-09-17,increase,5.899705014749257,5,2004-09-24,0.0,0.0,3,0.0,0.0,2,,,0,0.0,0.0,1
11,2004-11-15,decrease,4.863295427050563,-5,2004-11-08,,,0,,,0,,,0,,,0
11,2004-11-15,decrease,4.863295427050563,-4,2004-11-09,0.0,0.0,1,0.0,0.0,1,,,0,,,0
11,2004-11-15,decrease,4.863295427050563,-3,2004-11-10,0.02285999999999999,0.4,5,0.16795,0.5,2,,,0,-0.07386666666666666,0.3333333333333333,3
11,2004-11-15,decrease,4.863295427050563,-2,2004-11-11,,,0,,,0,,,0,,,0
11,2004-11-15,decrease,4.863295427050563,-1,2004-11-12,-0.3182,1.0,1,-0.3182,1.0,1,,,0,,,0
11,2004-11-15,decrease,4.863295427050563,0,2004-11-15,,,0,,,0,,,0,,,0
11,2004-11-15,decrease,4.863295427050563,1,2004-11-16,-0.4767,1.0,1,,,0,-0.4767,1.0,1,,,0
11,2004-11-15,decrease,4.863295427050563,2,2004-11-17,-0.49100000000000005,1.0,3,,,0,-0.49100000000000005,1.0,3,,,0
11,2004-11-15,decrease,4.863295427050563,3,2004-11-18,,,0,,,0,,,0,,,0
11,2004-11-15,decrease,4.863295427050563,4,2004-11-19,0.0,0.0,1,,,0,,,0,0.0,0.0,1
11,2004-11-15,decrease,4.863295427050563,5,2004-11-22,,,0,,,0,,,0,,,0
12,2004-12-15,increase,12.152308938698342,-5,2004-12-08,0.0,0.0,1,0.0,0.0,1,,,0,,,0
12,2004-12-15,increase,12.152308938698342,-4,2004-12-09,-0.0129,0.0,2,,,0,,,0,-0.0129,0.0,2
12,2004-12-15,increase,12.152308938698342,-3,2004-12-10,0.0,0.0,1,,,0,,,0,0.0,0.0,1
12,2004-12-15,increase,12.152308938698342,-2,2004-12-13,0.0,0.0,1,,,0,,,0,0.0,0.0,1
12,2004-12-15,increase,12.152308938698342,-1,2004-12-14,,,0,,,0,,,0,,,0
12,2004-12-15,increase,12.152308938698342,0,2004-12-15,0.1591,0.0,2,,,0,0.3182,0.0,1,0.0,0.0,1
12,2004-12-15,increase,12.152308938698342,1,2004-12-16,0.296,0.0,1,0.296,0.0,1,,,0,,,0
12,2004-12-15,increase,12.152308938698342,2,2004-12-17,,,0,,,0,,,0,,,0
12,2004-12-15,increase,12.152308938698342,3,2004-12-20,,,0,,,0,,,0,,,0
12,2004-12-15,increase,12.152308938698342,4,2004-12-21,0.0,0.0,1,,,0,,,0,0.0,0.0,1
12,2004-12-15,increase,12.152308938698342,5,2004-12-22,,,0,,,0,,,0,,,0
13,2005-03-23,decrease,6.986820725762765,-5,2005-03-16,0.3182,0.0,1,,,0,0.3182,0.0,1,,,0
13,2005-03-23,decrease,6.986820725762765,-4,2005-03-17,-0.045825000000000005,0.25,4,-0.12040000000000001,0.3333333333333333,3,-0.09165000000000001,0.5,2,0.0,0.0,1
13,2005-03-23,decrease,6.986820725762765,-3,2005-03-18,-0.2732,1.0,1,,,0,,,0,-0.2732,1.0,1
13,2005-03-23,decrease,6.986820725762765,-2,2005-03-21,0.100475,0.0,4,0.20095,0.0,2,,,0,0.0,0.0,2
13,2005-03-23,decrease,6.986820725762765,-1,2005-03-22,-0.1897333333333333,0.6666666666666666,3,,,0,,,0,-0.1897333333333333,0.6666666666666666,3
13,2005-03-23,decrease,6.986820725762765,0,2005-03-23,0.0,0.0,1,,,0,,,0,0.0,0.0,1
13,2005-03-23,decrease,6.986820725762765,1,2005-03-24,0.0,0.0,1,0.0,0.0,1,,,0,,,0
13,2005-03-23,decrease,6.986820725762765,2,2005-03-28,,,0,,,0,,,0,,,0
13,2005-03-23,decrease,6.986820725762765,3,2005-03-29,0.1806,0.0,2,0.1806,0.0,2,,,0,,,0
13,2005-03-23,decrease,6.986820725762765,4,2005-03-30,,,0,,,0,,,0,,,0
13,2005-03-23,decrease,6.986820725762765,5,2005-03-31,,,0,,,0,,,0,,,0
14,2005-04-19,increase,4.549197200494026,-5,2005-04-12,-0.10265,0.25,4,,,0,0.2263,0.0,1,-0.21230000000000002,0.3333333333333333,3
14,2005-04-19,increase,4.549197200494026,-4,2005-04-13,0.14227499999999998,0.25,4,,,0,0.28076666666666666,0.0,3,-0.2732,1.0,1
14,2005-04-19,increase,4.549197200494026,-3,2005-04-14,,,0,,,0,,,0,,,0
14,2005-04-19,increase,4.549197200494026,-2,2005-04-15,-0.4215,1.0,1,,,0,,,0,-0.4215,1.0,1
14,2005-04-19,increase,4.549197200494026,-1,2005-04-18,,,0,,,0,,,0,,,0
14,2005-04-19,increase,4.549197200494026,0,2005-04-19,-0.05135,0.5,2,,,0,,,0,-0.05135,0.5,2
14,2005-04-19,increase,4.549197200494026,1,2005-04-20,,,0,,,0,,,0,,,0
14,2005-04-19,increase,4.549197200494026,2,2005-04-21,,,0,,,0,,,0,,,0
14,2005-04-19,increase,4.549197200494026,3,2005-04-22,0.0,0.0,2,,,0,,,0,0.0,0.0,2
14,2005-04-19,increase,4.549197200494026,4,2005-04-25,0.0,0.0,1,0.0,0.0,1,0.0,0.0,1,,,0
14,2005-04-19,increase,4.549197200494026,5,2005-04-26,0.0,0.0,1,0.0,0.0,1,0.0,0.0,1,,,0
15,2005-06-17,increase,4.825046040515657,-5,2005-06-10,0.34,0.0,1,,,0,,,0,0.34,0.0,1
15,2005-06-17,increase,4.825046040515657,-4,2005-06-13,,,0,,,0,,,0,,,0
15,2005-06-17,increase,4.825046040515657,-3,2005-06-14,0.0,0.0,1,0.0,0.0,1,,,0,,,0
15,2005-06-17,increase,4.825046040515657,-2,2005-06-15,,,0,,,0,,,0,,,0
15,2005-06-17,increase,4.825046040515657,-1,2005-06-16,-0.23329999999999998,0.6666666666666666,3,,,0,-0.064,0.5,2,-0.34995,1.0,2
15,2005-06-17,increase,4.825046040515657,0,2005-06-17,,,0,,,0,,,0,,,0
15,2005-06-17,increase,4.825046040515657,1,2005-06-20,0.14049999999999999,0.0,3,0.4215,0.0,1,,,0,0.0,0.0,2
15,2005-06-17,increase,4.825046040515657,2,2005-06-21,-0.09545,0.25,4,0.0,0.0,2,,,0,-0.1909,0.5,2
15,2005-06-17,increase,4.825046040515657,3,2005-06-22,0.0,0.0,2,0.0,0.0,2,0.0,0.0,1,,,0
15,2005-06-17,increase,4.825046040515657,4,2005-06-23,,,0,,,0,,,0,,,0
15,2005-06-17,increase,4.825046040515657,5,2005-06-24,0.0,0.0,2,0.0,0.0,2,,,0,,,0
16,2005-07-12,increase,5.080213903743314,-5,2005-07-05,,,0,,,0,,,0,,,0
16,2005-07-12,increase,5.080213903743314,-4,2005-07-06,0.0,0.0,2,0.0,0.0,1,0.0,0.0,1,,,0
16,2005-07-12,increase,5.080213903743314,-3,2005-07-07,-0.1101,0.25,4,-0.1101,0.25,4,,,0,,,0
16,2005-07-12,increase,5.080213903743314,-2,2005-07-08,,,0,,,0,,,0,,,0
16,2005-07-12,increase,5.080213903743314,-1,2005-07-11,,,0,,,0,,,0,,,0
16,2005-07-12,increase,5.080213903743314,0,2005-07-12,-0.10296666666666666,0.3333333333333333,3,0.0,0.0,1,,,0,-0.15445,0.5,2
16,2005-07-12,increase,5.080213903743314,1,2005-07-13,0.0,0.0,1,0.0,0.0,1,,,0,,,0
16,2005-07-12,increase,5.080213903743314,2,2005-07-14,,,0,,,0,,,0,,,0
16,2005-07-12,increase,5.080213903743314,3,2005-07-15,,,0,,,0,,,0,,,0
16,2005-07-12,increase,5.080213903743314,4,2005-07-18,0.0,0.0,2,,,0,,,0,0.0,0.0,2
16,2005-07-12,increase,5.080213903743314,5,2005-07-19,-0.296,1.0,1,,,0,,,0,-0.296,1.0,1
17,2005-09-19,increase,5.886243386243395,-5,2005-09-12,0.05838333333333334,0.3333333333333333,6,,,0,-0.4215,1.0,1,0.15436,0.2,5
17,2005-09-19,increase,5.886243386243395,-4,2005-09-13,-0.01422,0.4,5,-0.1531,1.0,1,,,0,0.020500000000000004,0.25,4
17,2005-09-19,increase,5.886243386243395,-3,2005-09-14,0.10138333333333334,0.3333333333333333,6,0.0,0.0,1,-0.25,1.0,1,0.21457500000000002,0.25,4
17,2005-09-19,increase,5.886243386243395,-2,2005-09-15,0.08895,0.0,2,0.0,0.0,1,,,0,0.1779,0.0,1
17,2005-09-19,increase,5.886243386243395,-1,2005-09-16,-0.0843,0.2,5,0.0,0.0,1,,,0,-0.105375,0.25,4
17,2005-09-19,increase,5.886243386243395,0,2005-09-19,0.12955999999999998,0.0,5,0.0,0.0,1,,,0,0.16194999999999998,0.0,4
17,2005-09-19,increase,5.886243386243395,1,2005-09-20,0.013044444444444438,0.2222222222222222,9,-0.4939,1.0,1,0.0,0.0,1,0.08732857142857142,0.14285714285714285,7
17,2005-09-19,increase,5.886243386243395,2,2005-09-21,0.046299999999999994,0.0,5,,,0,0.0,0.0,1,0.057874999999999996,0.0,4
17,2005-09-19,increase,5.886243386243395,3,2005-09-22,0.1052875,0.0,8,,,0,0.4404,0.0,1,0.05741428571428571,0.0,7
17,2005-09-19,increase,5.886243386243395,4,2005-09-23,-0.1423142857142857,0.42857142857142855,7,,,0,0.0,0.0,1,-0.16603333333333334,0.5,6
17,2005-09-19,increase,5.886243386243395,5,2005-09-26,-0.0683,0.25,4,0.0,0.0,1,,,0,-0.09106666666666667,0.3333333333333333,3
18,2006-01-03,increase,5.433664724031528,-5,2005-12-23,,,0,,,0,,,0,,,0
18,2006-01-03,increase,5.433664724031528,-4,2005-12-26,-0.7579,1.0,1,,,0,,,0,-0.7579,1.0,1
18,2006-01-03,increase,5.433664724031528,-3,2005-12-28,-0.5859,1.0,1,-0.5859,1.0,1,,,0,,,0
18,2006-01-03,increase,5.433664724031528,-2,2005-12-29,,,0,,,0,,,0,,,0
18,2006-01-03,increase,5.433664724031528,-1,2005-12-30,,,0,,,0,,,0,,,0
18,2006-01-03,increase,5.433664724031528,0,2006-01-03,-0.296,1.0,1,,,0,,,0,-0.296,1.0,1
18,2006-01-03,increase,5.433664724031528,1,2006-01-04,,,0,,,0,,,0,,,0
18,2006-01-03,increase,5.433664724031528,2,2006-01-05,,,0,,,0,,,0,,,0
18,2006-01-03,increase,5.433664724031528,3,2006-01-06,-0.1909,0.5,2,,,0,,,0,-0.1909,0.5,2
18,2006-01-03,increase,5.433664724031528,4,2006-01-09,,,0,,,0,,,0,,,0
18,2006-01-03,increase,5.433664724031528,5,2006-01-10,,,0,,,0,,,0,,,0
19,2006-06-09,increase,5.124695863746953,-5,2006-06-02,0.0,0.0,1,,,0,,,0,0.0,0.0,1
19,2006-06-09,increase,5.124695863746953,-4,2006-06-05,0.12726666666666667,0.0,3,,,0,0.0,0.0,2,0.3818,0.0,1
19,2006-06-09,increase,5.124695863746953,-3,2006-06-06,0.4019,0.0,1,,,0,,,0,0.4019,0.0,1
19,2006-06-09,increase,5.124695863746953,-2,2006-06-07,,,0,,,0,,,0,,,0
19,2006-06-09,increase,5.124695863746953,-1,2006-06-08,0.057185714285714284,0.14285714285714285,7,0.0,0.0,1,,,0,0.06671666666666666,0.16666666666666666,6
19,2006-06-09,increase,5.124695863746953,0,2006-06-09,0.0,0.0,1,,,0,,,0,0.0,0.0,1
19,2006-06-09,increase,5.124695863746953,1,2006-06-12,0.05695,0.0,2,0.0,0.0,1,,,0,0.1139,0.0,1
19,2006-06-09,increase,5.124695863746953,2,2006-06-13,-0.4767,1.0,1,,,0,,,0,-0.4767,1.0,1
19,2006-06-09,increase,5.124695863746953,3,2006-06-14,,,0,,,0,,,0,,,0
19,2006-06-09,increase,5.124695863746953,4,2006-06-15,,,0,,,0,,,0,,,0
19,2006-06-09,increase,5.124695863746953,5,2006-06-16,-0.4215,1.0,1,,,0,,,0,-0.4215,1.0,1
20,2006-07-19,decrease,4.912373871481668,-5,2006-07-12,0.0,0.0,1,,,0,,,0,0.0,0.0,1
20,2006-07-19,decrease,4.912373871481668,-4,2006-07-13,0.0,0.0,1,,,0,,,0,0.0,0.0,1
20,2006-07-19,decrease,4.912373871481668,-3,2006-07-14,0.00645,0.0,4,0.0,0.0,1,,,0,0.0086,0.0,3
20,2006-07-19,decrease,4.912373871481668,-2,2006-07-17,-0.21075,0.5,2,-0.4215,1.0,1,,,0,0.0,0.0,1
20,2006-07-19,decrease,4.912373871481668,-1,2006-07-18,0.0,0.0,1,,,0,,,0,0.0,0.0,1
20,2006-07-19,decrease,4.912373871481668,0,2006-07-19,-0.21075,0.5,2,,,0,,,0,-0.21075,0.5,2
20,2006-07-19,decrease,4.912373871481668,1,2006-07-20,,,0,,,0,,,0,,,0
20,2006-07-19,decrease,4.912373871481668,2,2006-07-21,-0.009033333333333319,0.3333333333333333,3,,,0,0.2911,0.0,1,-0.1591,0.5,2
20,2006-07-19,decrease,4.912373871481668,3,2006-07-24,0.011099999999999999,0.5,2,-0.296,1.0,1,-0.296,1.0,1,0.3182,0.0,1
20,2006-07-19,decrease,4.912373871481668,4,2006-07-25,0.125,0.0,2,,,0,0.25,0.0,1,0.0,0.0,1
20,2006-07-19,decrease,4.912373871481668,5,2006-07-26,,,0,,,0,,,0,,,0
21,2006-09-20,decrease,5.48624440179143,-5,2006-09-13,-0.296,1.0,1,,,0,,,0,-0.296,1.0,1
21,2006-09-20,decrease,5.48624440179143,-4,2006-09-14,,,0,,,0,,,0,,,0
21,2006-09-20,decrease,5.48624440179143,-3,2006-09-15,0.0,0.0,1,,,0,,,0,0.0,0.0,1
21,2006-09-20,decrease,5.48624440179143,-2,2006-09-18,0.4588,0.0,1,,,0,0.4588,0.0,1,,,0
21,2006-09-20,decrease,5.48624440179143,-1,2006-09-19,-0.124875,0.5,4,,,0,-0.2263,1.0,1,-0.09106666666666667,0.3333333333333333,3
21,2006-09-20,decrease,5.48624440179143,0,2006-09-20,0.0,0.0,1,,,0,,,0,0.0,0.0,1
21,2006-09-20,decrease,5.48624440179143,1,2006-09-21,,,0,,,0,,,0,,,0
21,2006-09-20,decrease,5.48624440179143,2,2006-09-22,,,0,,,0,,,0,,,0
21,2006-09-20,decrease,5.48624440179143,3,2006-09-25,,,0,,,0,,,0,,,0
21,2006-09-20,decrease,5.48624440179143,4,2006-09-26,-0.03484999999999999,0.5,2,,,0,0.2263,0.0,1,-0.296,1.0,1
21,2006-09-20,decrease,5.48624440179143,5,2006-09-27,,,0,,,0,,,0,,,0
22,2007-02-16,increase,4.663594470046095,-5,2007-02-09,,,0,,,0,,,0,,,0
22,2007-02-16,increase,4.663594470046095,-4,2007-02-12,,,0,,,0,,,0,,,0
22,2007-02-16,increase,4.663594470046095,-3,2007-02-13,,,0,,,0,,,0,,,0
22,2007-02-16,increase,4.663594470046095,-2,2007-02-14,,,0,,,0,,,0,,,0
22,2007-02-16,increase,4.663594470046095,-1,2007-02-15,,,0,,,0,,,0,,,0
22,2007-02-16,increase,4.663594470046095,0,2007-02-16,,,0,,,0,,,0,,,0
22,2007-02-16,increase,4.663594470046095,1,2007-02-20,0.20095,0.0,2,,,0,0.4019,0.0,1,0.0,0.0,1
22,2007-02-16,increase,4.663594470046095,2,2007-02-21,,,0,,,0,,,0,,,0
22,2007-02-16,increase,4.663594470046095,3,2007-02-22,,,0,,,0,,,0,,,0
22,2007-02-16,increase,4.663594470046095,4,2007-02-23,0.2263,0.0,1,0.2263,0.0,1,,,0,,,0
22,2007-02-16,increase,4.663594470046095,5,2007-02-26,,,0,,,0,,,0,,,0
23,2007-10-29,increase,6.091370558375653,-5,2007-10-22,,,0,,,0,,,0,,,0
23,2007-10-29,increase,6.091370558375653,-4,2007-10-23,-0.6124,1.0,1,,,0,-0.6124,1.0,1,,,0
23,2007-10-29,increase,6.091370558375653,-3,2007-10-24,0.0,0.0,1,0.0,0.0,1,,,0,0.0,0.0,1
23,2007-10-29,increase,6.091370558375653,-2,2007-10-25,,,0,,,0,,,0,,,0
23,2007-10-29,increase,6.091370558375653,-1,2007-10-26,,,0,,,0,,,0,,,0
23,2007-10-29,increase,6.091370558375653,0,2007-10-29,0.0,0.0,2,0.0,0.0,1,,,0,0.0,0.0,1
23,2007-10-29,increase,6.091370558375653,1,2007-10-30,0.0,0.0,1,0.0,0.0,1,,,0,,,0
23,2007-10-29,increase,6.091370558375653,2,2007-10-31,-0.3818,1.0,1,,,0,,,0,-0.3818,1.0,1
23,2007-10-29,increase,6.091370558375653,3,2007-11-01,0.0,0.0,1,0.0,0.0,1,,,0,,,0
23,2007-10-29,increase,6.091370558375653,4,2007-11-05,,,0,,,0,,,0,,,0
23,2007-10-29,increase,6.091370558375653,5,2007-11-06,0.5256,0.0,1,,,0,0.5256,0.0,1,,,0
24,2008-06-06,increase,8.54037267080745,-5,2008-05-30,-0.24223333333333333,0.6666666666666666,3,,,0,,,0,-0.24223333333333333,0.6666666666666666,3
24,2008-06-06,increase,8.54037267080745,-4,2008-06-02,-0.03454,0.4,5,,,0,,,0,-0.03454,0.4,5
24,2008-06-06,increase,8.54037267080745,-3,2008-06-03,-0.4767,1.0,1,,,0,,,0,-0.4767,1.0,1
24,2008-06-06,increase,8.54037267080745,-2,2008-06-04,0.0,0.0,2,,,0,,,0,0.0,0.0,2
24,2008-06-06,increase,8.54037267080745,-1,2008-06-05,,,0,,,0,,,0,,,0
24,2008-06-06,increase,8.54037267080745,0,2008-06-06,0.2732,0.0,1,0.2732,0.0,1,,,0,,,0
24,2008-06-06,increase,8.54037267080745,1,2008-06-09,0.02618571428571428,0.14285714285714285,7,0.05295,0.5,2,0.0,0.0,1,0.09585999999999999,0.0,5
24,2008-06-06,increase,8.54037267080745,2,2008-06-10,-0.0734,0.3333333333333333,6,-0.13396666666666665,0.3333333333333333,3,0.0,0.0,1,-0.012833333333333344,0.3333333333333333,3
24,2008-06-06,increase,8.54037267080745,3,2008-06-11,0.148,0.0,2,,,0,,,0,0.148,0.0,2
24,2008-06-06,increase,8.54037267080745,4,2008-06-12,-0.21989999999999998,0.3333333333333333,3,,,0,,,0,-0.21989999999999998,0.3333333333333333,3
24,2008-06-06,increase,8.54037267080745,5,2008-06-13,0.23815,0.0,2,,,0,,,0,0.23815,0.0,2
25,2008-07-11,increase,5.794860466828666,-5,2008-07-03,0.0,0.0,1,,,0,0.0,0.0,1,,,0
25,2008-07-11,increase,5.794860466828666,-4,2008-07-07,,,0,,,0,,,0,,,0
25,2008-07-11,increase,5.794860466828666,-3,2008-07-08,-0.20095,0.5,2,,,0,,,0,-0.20095,0.5,2
25,2008-07-11,increase,5.794860466828666,-2,2008-07-09,0.0,0.0,2,0.0,0.0,1,,,0,0.0,0.0,1
25,2008-07-11,increase,5.794860466828666,-1,2008-07-10,-0.296,1.0,1,,,0,,,0,-0.296,1.0,1
25,2008-07-11,increase,5.794860466828666,0,2008-07-11,0.027550000000000005,0.25,4,0.4404,0.0,1,,,0,-0.11006666666666666,0.3333333333333333,3
25,2008-07-11,increase,5.794860466828666,1,2008-07-14,-0.4939,1.0,1,,,0,-0.4939,1.0,1,,,0
25,2008-07-11,increase,5.794860466828666,2,2008-07-15,,,0,,,0,,,0,,,0
25,2008-07-11,increase,5.794860466828666,3,2008-07-16,-0.1366,0.5,2,,,0,,,0,-0.1366,0.5,2
25,2008-07-11,increase,5.794860466828666,4,2008-07-17,,,0,,,0,,,0,,,0
25,2008-07-11,increase,5.794860466828666,5,2008-07-18,-0.3499,1.0,2,-0.5859,1.0,1,-0.1139,1.0,1,,,0
26,2009-01-02,increase,19.877163595756556,-5,2008-12-24,0.0,0.0,1,,,0,,,0,0.0,0.0,1
26,2009-01-02,increase,19.877163595756556,-4,2008-12-26,,,0,,,0,,,0,,,0
26,2009-01-02,increase,19.877163595756556,-3,2008-12-29,,,0,,,0,,,0,,,0
26,2009-01-02,increase,19.877163595756556,-2,2008-12-30,-0.08789999999999999,0.3333333333333333,3,-0.13185,0.5,2,,,0,0.0,0.0,1
26,2009-01-02,increase,19.877163595756556,-1,2008-12-31,,,0,,,0,,,0,,,0
26,2009-01-02,increase,19.877163595756556,0,2009-01-02,,,0,,,0,,,0,,,0
26,2009-01-02,increase,19.877163595756556,1,2009-01-05,0.0,0.0,1,,,0,,,0,0.0,0.0,1
26,2009-01-02,increase,19.877163595756556,2,2009-01-06,,,0,,,0,,,0,,,0
26,2009-01-02,increase,19.877163595756556,3,2009-01-07,-0.5719,1.0,1,,,0,-0.5719,1.0,1,,,0
26,2009-01-02,increase,19.877163595756556,4,2009-01-08,,,0,,,0,,,0,,,0
26,2009-01-02,increase,19.877163595756556,5,2009-01-09,,,0,,,0,,,0,,,0
27,2009-04-20,decrease,5.690119184928877,-5,2009-04-13,,,0,,,0,,,0,,,0
27,2009-04-20,decrease,5.690119184928877,-4,2009-04-14,,,0,,,0,,,0,,,0
27,2009-04-20,decrease,5.690119184928877,-3,2009-04-15,,,0,,,0,,,0,,,0
27,2009-04-20,decrease,5.690119184928877,-2,2009-04-16,,,0,,,0,,,0,,,0
27,2009-04-20,decrease,5.690119184928877,-1,2009-04-17,-0.296,1.0,1,,,0,-0.296,1.0,1,,,0
27,2009-04-20,decrease,5.690119184928877,0,2009-04-20,,,0,,,0,,,0,,,0
27,2009-04-20,decrease,5.690119184928877,1,2009-04-21,,,0,,,0,,,0,,,0
27,2009-04-20,decrease,5.690119184928877,2,2009-04-22,,,0,,,0,,,0,,,0
27,2009-04-20,decrease,5.690119184928877,3,2009-04-23,,,0,,,0,,,0,,,0
27,2009-04-20,decrease,5.690119184928877,4,2009-04-24,,,0,,,0,,,0,,,0
27,2009-04-20,decrease,5.690119184928877,5,2009-04-27,,,0,,,0,,,0,,,0
28,2009-06-22,decrease,6.1719636776390585,-5,2009-06-15,,,0,,,0,,,0,,,0
28,2009-06-22,decrease,6.1719636776390585,-4,2009-06-16,,,0,,,0,,,0,,,0
28,2009-06-22,decrease,6.1719636776390585,-3,2009-06-17,,,0,,,0,,,0,,,0
28,2009-06-22,decrease,6.1719636776390585,-2,2009-06-18,,,0,,,0,,,0,,,0
28,2009-06-22,decrease,6.1719636776390585,-1,2009-06-19,,,0,,,0,,,0,,,0
28,2009-06-22,decrease,6.1719636776390585,0,2009-06-22,0.2023,0.0,1,,,0,0.2023,0.0,1,,,0
28,2009-06-22,decrease,6.1719636776390585,1,2009-06-23,,,0,,,0,,,0,,,0
28,2009-06-22,decrease,6.1719636776390585,2,2009-06-24,0.0,0.0,1,,,0,,,0,0.0,0.0,1
28,2009-06-22,decrease,6.1719636776390585,3,2009-06-25,,,0,,,0,,,0,,,0
28,2009-06-22,decrease,6.1719636776390585,4,2009-06-26,,,0,,,0,,,0,,,0
28,2009-06-22,decrease,6.1719636776390585,5,2009-06-29,-0.25,1.0,1,,,0,,,0,-0.25,1.0,1
29,2009-07-30,increase,4.605563155494741,-5,2009-07-23,,,0,,,0,,,0,,,0
29,2009-07-30,increase,4.605563155494741,-4,2009-07-24,,,0,,,0,,,0,,,0
29,2009-07-30,increase,4.605563155494741,-3,2009-07-27,,,0,,,0,,,0,,,0
29,2009-07-30,increase,4.605563155494741,-2,2009-07-28,,,0,,,0,,,0,,,0
29,2009-07-30,increase,4.605563155494741,-1,2009-07-29,,,0,,,0,,,0,,,0
29,2009-07-30,increase,4.605563155494741,0,2009-07-30,,,0,,,0,,,0,,,0
29,2009-07-30,increase,4.605563155494741,1,2009-07-31,,,0,,,0,,,0,,,0
29,2009-07-30,increase,4.605563155494741,2,2009-08-03,,,0,,,0,,,0,,,0
29,2009-07-30,increase,4.605563155494741,3,2009-08-04,,,0,,,0,,,0,,,0
29,2009-07-30,increase,4.605563155494741,4,2009-08-05,,,0,,,0,,,0,,,0
29,2009-07-30,increase,4.605563155494741,5,2009-08-06,,,0,,,0,,,0,,,0
30,2009-08-19,increase,6.044276143314886,-5,2009-08-12,,,0,,,0,,,0,,,0
30,2009-08-19,increase,6.044276143314886,-4,2009-08-13,,,0,,,0,,,0,,,0
30,2009-08-19,increase,6.044276143314886,-3,2009-08-14,,,0,,,0,,,0,,,0
30,2009-08-19,increase,6.044276143314886,-2,2009-08-17,-0.15445,0.5,2,,,0,,,0,-0.15445,0.5,2
30,2009-08-19,increase,6.044276143314886,-1,2009-08-18,,,0,,,0,,,0,,,0
30,2009-08-19,increase,6.044276143314886,0,2009-08-19,,,0,,,0,,,0,,,0
30,2009-08-19,increase,6.044276143314886,1,2009-08-20,,,0,,,0,,,0,,,0
30,2009-08-19,increase,6.044276143314886,2,2009-08-21,,,0,,,0,,,0,,,0
30,2009-08-19,increase,6.044276143314886,3,2009-08-24,,,0,,,0,,,0,,,0
30,2009-08-19,increase,6.044276143314886,4,2009-08-25,,,0,,,0,,,0,,,0
30,2009-08-19,increase,6.044276143314886,5,2009-08-26,,,0,,,0,,,0,,,0
31,2009-10-06,increase,4.980079681274896,-5,2009-09-29,0.0,0.0,1,,,0,,,0,0.0,0.0,1
31,2009-10-06,increase,4.980079681274896,-4,2009-09-30,,,0,,,0,,,0,,,0
31,2009-10-06,increase,4.980079681274896,-3,2009-10-01,,,0,,,0,,,0,,,0
31,2009-10-06,increase,4.980079681274896,-2,2009-10-02,,,0,,,0,,,0,,,0
31,2009-10-06,increase,4.980079681274896,-1,2009-10-05,0.0,0.0,1,,,0,0.0,0.0,1,,,0
31,2009-10-06,increase,4.980079681274896,0,2009-10-06,,,0,,,0,,,0,,,0
31,2009-10-06,increase,4.980079681274896,1,2009-10-07,,,0,,,0,,,0,,,0
31,2009-10-06,increase,4.980079681274896,2,2009-10-08,,,0,,,0,,,0,,,0
31,2009-10-06,increase,4.980079681274896,3,2009-10-09,,,0,,,0,,,0,,,0
31,2009-10-06,increase,4.980079681274896,4,2009-10-12,,,0,,,0,,,0,,,0
31,2009-10-06,increase,4.980079681274896,5,2009-10-13,,,0,,,0,,,0,,,0
32,2010-02-04,decrease,5.899432493071133,-5,2010-01-28,,,0,,,0,,,0,,,0
32,2010-02-04,decrease,5.899432493071133,-4,2010-01-29,,,0,,,0,,,0,,,0
32,2010-02-04,decrease,5.899432493071133,-3,2010-02-01,,,0,,,0,,,0,,,0
32,2010-02-04,decrease,5.899432493071133,-2,2010-02-02,,,0,,,0,,,0,,,0
32,2010-02-04,decrease,5.899432493071133,-1,2010-02-03,,,0,,,0,,,0,,,0
32,2010-02-04,decrease,5.899432493071133,0,2010-02-04,,,0,,,0,,,0,,,0
32,2010-02-04,decrease,5.899432493071133,1,2010-02-05,,,0,,,0,,,0,,,0
32,2010-02-04,decrease,5.899432493071133,2,2010-02-08,-0.1531,1.0,1,,,0,,,0,-0.1531,1.0,1
32,2010-02-04,decrease,5.899432493071133,3,2010-02-09,,,0,,,0,,,0,,,0
32,2010-02-04,decrease,5.899432493071133,4,2010-02-10,,,0,,,0,,,0,,,0
32,2010-02-04,decrease,5.899432493071133,5,2010-02-11,0.4404,0.0,1,,,0,0.4404,0.0,1,,,0
33,2010-05-07,decrease,4.650292980925064,-5,2010-04-30,,,0,,,0,,,0,,,0
33,2010-05-07,decrease,4.650292980925064,-4,2010-05-03,0.0,0.0,1,,,0,,,0,0.0,0.0,1
33,2010-05-07,decrease,4.650292980925064,-3,2010-05-04,0.0,0.0,1,,,0,,,0,0.0,0.0,1
33,2010-05-07,decrease,4.650292980925064,-2,2010-05-05,,,0,,,0,,,0,,,0
33,2010-05-07,decrease,4.650292980925064,-1,2010-05-06,,,0,,,0,,,0,,,0
33,2010-05-07,decrease,4.650292980925064,0,2010-05-07,,,0,,,0,,,0,,,0
33,2010-05-07,decrease,4.650292980925064,1,2010-05-10,0.4767,0.0,1,,,0,,,0,0.4767,0.0,1
33,2010-05-07,decrease,4.650292980925064,2,2010-05-11,,,0,,,0,,,0,,,0
33,2010-05-07,decrease,4.650292980925064,3,2010-05-12,,,0,,,0,,,0,,,0
33,2010-05-07,decrease,4.650292980925064,4,2010-05-13,,,0,,,0,,,0,,,0
33,2010-05-07,decrease,4.650292980925064,5,2010-05-14,,,0,,,0,,,0,,,0
34,2010-05-26,increase,5.07591545102708,-5,2010-05-19,-0.2294,0.5,2,,,0,-0.4588,1.0,1,0.0,0.0,1
34,2010-05-26,increase,5.07591545102708,-4,2010-05-20,-0.0516,1.0,1,,,0,-0.0516,1.0,1,,,0
34,2010-05-26,increase,5.07591545102708,-3,2010-05-21,,,0,,,0,,,0,,,0
34,2010-05-26,increase,5.07591545102708,-2,2010-05-24,,,0,,,0,,,0,,,0
34,2010-05-26,increase,5.07591545102708,-1,2010-05-25,,,0,,,0,,,0,,,0
34,2010-05-26,increase,5.07591545102708,0,2010-05-26,,,0,,,0,,,0,,,0
34,2010-05-26,increase,5.07591545102708,1,2010-05-27,-0.2202,0.5,2,,,0,-0.2202,0.5,2,,,0
34,2010-05-26,increase,5.07591545102708,2,2010-05-28,,,0,,,0,,,0,,,0
34,2010-05-26,increase,5.07591545102708,3,2010-06-01,,,0,,,0,,,0,,,0
34,2010-05-26,increase,5.07591545102708,4,2010-06-02,-0.6597,1.0,1,,,0,-0.6597,1.0,1,,,0
34,2010-05-26,increase,5.07591545102708,5,2010-06-03,-0.3182,1.0,1,,,0,-0.3182,1.0,1,,,0
35,2010-08-02,increase,5.716129032258066,-5,2010-07-26,,,0,,,0,,,0,,,0
35,2010-08-02,increase,5.716129032258066,-4,2010-07-27,,,0,,,0,,,0,,,0
35,2010-08-02,increase,5.716129032258066,-3,2010-07-28,,,0,,,0,,,0,,,0
35,2010-08-02,increase,5.716129032258066,-2,2010-07-29,,,0,,,0,,,0,,,0
35,2010-08-02,increase,5.716129032258066,-1,2010-07-30,,,0,,,0,,,0,,,0
35,2010-08-02,increase,5.716129032258066,0,2010-08-02,0.0,0.0,1,,,0,,,0,0.0,0.0,1
35,2010-08-02,increase,5.716129032258066,1,2010-08-03,,,0,,,0,,,0,,,0
35,2010-08-02,increase,5.716129032258066,2,2010-08-04,,,0,,,0,,,0,,,0
35,2010-08-02,increase,5.716129032258066,3,2010-08-05,,,0,,,0,,,0,,,0
35,2010-08-02,increase,5.716129032258066,4,2010-08-06,-0.8316,1.0,1,,,0,-0.8316,1.0,1,,,0
35,2010-08-02,increase,5.716129032258066,5,2010-08-09,,,0,,,0,,,0,,,0
36,2010-08-26,increase,5.315238903025166,-5,2010-08-19,,,0,,,0,,,0,,,0
36,2010-08-26,increase,5.315238903025166,-4,2010-08-20,,,0,,,0,,,0,,,0
36,2010-08-26,increase,5.315238903025166,-3,2010-08-23,,,0,,,0,,,0,,,0
36,2010-08-26,increase,5.315238903025166,-2,2010-08-24,,,0,,,0,,,0,,,0
36,2010-08-26,increase,5.315238903025166,-1,2010-08-25,,,0,,,0,,,0,,,0
36,2010-08-26,increase,5.315238903025166,0,2010-08-26,,,0,,,0,,,0,,,0
36,2010-08-26,increase,5.315238903025166,1,2010-08-27,0.0,0.0,1,0.0,0.0,1,,,0,,,0
36,2010-08-26,increase,5.315238903025166,2,2010-08-30,,,0,,,0,,,0,,,0
36,2010-08-26,increase,5.315238903025166,3,2010-08-31,,,0,,,0,,,0,,,0
36,2010-08-26,increase,5.315238903025166,4,2010-09-01,,,0,,,0,,,0,,,0
36,2010-08-26,increase,5.315238903025166,5,2010-09-02,,,0,,,0,,,0,,,0
37,2011-02-22,increase,4.520547945205466,-5,2011-02-14,,,0,,,0,,,0,,,0
37,2011-02-22,increase,4.520547945205466,-4,2011-02-15,,,0,,,0,,,0,,,0
37,2011-02-22,increase,4.520547945205466,-3,2011-02-16,0.0,0.0,1,,,0,,,0,0.0,0.0,1
37,2011-02-22,increase,4.520547945205466,-2,2011-02-17,,,0,,,0,,,0,,,0
37,2011-02-22,increase,4.520547945205466,-1,2011-02-18,,,0,,,0,,,0,,,0
37,2011-02-22,increase,4.520547945205466,0,2011-02-22,-0.38553333333333334,0.6666666666666666,3,-0.36755,0.5,2,-0.4215,1.0,1,,,0
37,2011-02-22,increase,4.520547945205466,1,2011-02-23,-0.39994999999999997,1.0,2,,,0,-0.5267,1.0,1,-0.2732,1.0,1
37,2011-02-22,increase,4.520547945205466,2,2011-02-24,0.38634999999999997,0.0,2,0.38634999999999997,0.0,2,,,0,,,0
37,2011-02-22,increase,4.520547945205466,3,2011-02-25,0.0,0.0,1,,,0,,,0,0.0,0.0,1
37,2011-02-22,increase,4.520547945205466,4,2011-02-28,,,0,,,0,,,0,,,0
37,2011-02-22,increase,4.520547945205466,5,2011-03-01,,,0,,,0,,,0,,,0
38,2011-05-05,decrease,7.914438502673793,-5,2011-04-27,0.2202,0.0,2,0.4404,0.0,1,,,0,0.0,0.0,1
38,2011-05-05,decrease,7.914438502673793,-4,2011-04-28,-0.2023,1.0,1,,,0,-0.2023,1.0,1,,,0
38,2011-05-05,decrease,7.914438502673793,-3,2011-05-02,,,0,,,0,,,0,,,0
38,2011-05-05,decrease,7.914438502673793,-2,2011-05-03,-0.3818,1.0,1,,,0,,,0,-0.3818,1.0,1
38,2011-05-05,decrease,7.914438502673793,-1,2011-05-04,,,0,,,0,,,0,,,0
38,2011-05-05,decrease,7.914438502673793,0,2011-05-05,,,0,,,0,,,0,,,0
38,2011-05-05,decrease,7.914438502673793,1,2011-05-06,,,0,,,0,,,0,,,0
38,2011-05-05,decrease,7.914438502673793,2,2011-05-09,-0.24996666666666667,0.6666666666666666,3,-0.4767,1.0,1,,,0,-0.24996666666666667,0.6666666666666666,3
38,2011-05-05,decrease,7.914438502673793,3,2011-05-10,,,0,,,0,,,0,,,0
38,2011-05-05,decrease,7.914438502673793,4,2011-05-11,,,0,,,0,,,0,,,0
38,2011-05-05,decrease,7.914438502673793,5,2011-05-12,0.0772,0.0,1,,,0,0.0772,0.0,1,,,0
39,2011-06-15,decrease,4.719567926879931,-5,2011-06-08,,,0,,,0,,,0,,,0
39,2011-06-15,decrease,4.719567926879931,-4,2011-06-09,,,0,,,0,,,0,,,0
39,2011-06-15,decrease,4.719567926879931,-3,2011-06-10,,,0,,,0,,,0,,,0
39,2011-06-15,decrease,4.719567926879931,-2,2011-06-13,,,0,,,0,,,0,,,0
39,2011-06-15,decrease,4.719567926879931,-1,2011-06-14,,,0,,,0,,,0,,,0
39,2011-06-15,decrease,4.719567926879931,0,2011-06-15,,,0,,,0,,,0,,,0
39,2011-06-15,decrease,4.719567926879931,1,2011-06-16,,,0,,,0,,,0,,,0
39,2011-06-15,decrease,4.719567926879931,2,2011-06-17,,,0,,,0,,,0,,,0
39,2011-06-15,decrease,4.719567926879931,3,2011-06-20,,,0,,,0,,,0,,,0
39,2011-06-15,decrease,4.719567926879931,4,2011-06-21,,,0,,,0,,,0,,,0
39,2011-06-15,decrease,4.719567926879931,5,2011-06-22,,,0,,,0,,,0,,,0
40,2012-06-01,decrease,5.035624879645684,-5,2012-05-24,-0.1851,1.0,1,-0.1851,1.0,1,,,0,,,0
40,2012-06-01,decrease,5.035624879645684,-4,2012-05-25,,,0,,,0,,,0,,,0
40,2012-06-01,decrease,5.035624879645684,-3,2012-05-29,0.11315,0.0,2,,,0,0.2263,0.0,1,0.0,0.0,1
40,2012-06-01,decrease,5.035624879645684,-2,2012-05-30,,,0,,,0,,,0,,,0
40,2012-06-01,decrease,5.035624879645684,-1,2012-05-31,,,0,,,0,,,0,,,0
40,2012-06-01,decrease,5.035624879645684,0,2012-06-01,,,0,,,0,,,0,,,0
40,2012-06-01,decrease,5.035624879645684,1,2012-06-04,,,0,,,0,,,0,,,0
40,2012-06-01,decrease,5.035624879645684,2,2012-06-05,,,0,,,0,,,0,,,0
40,2012-06-01,decrease,5.035624879645684,3,2012-06-06,,,0,,,0,,,0,,,0
40,2012-06-01,decrease,5.035624879645684,4,2012-06-07,0.0,0.0,1,,,0,0.0,0.0,1,,,0
40,2012-06-01,decrease,5.035624879645684,5,2012-06-08,,,0,,,0,,,0,,,0
41,2012-07-03,increase,4.83837111670864,-5,2012-06-26,,,0,,,0,,,0,,,0
41,2012-07-03,increase,4.83837111670864,-4,2012-06-27,,,0,,,0,,,0,,,0
41,2012-07-03,increase,4.83837111670864,-3,2012-06-28,0.0,0.0,2,,,0,0.0,0.0,1,0.0,0.0,1
41,2012-07-03,increase,4.83837111670864,-2,2012-06-29,0.0,0.0,1,,,0,,,0,0.0,0.0,1
41,2012-07-03,increase,4.83837111670864,-1,2012-07-02,-0.25,1.0,1,,,0,-0.25,1.0,1,,,0
41,2012-07-03,increase,4.83837111670864,0,2012-07-03,0.0,0.0,1,,,0,,,0,0.0,0.0,1
41,2012-07-03,increase,4.83837111670864,1,2012-07-05,0.0,0.0,1,,,0,,,0,0.0,0.0,1
41,2012-07-03,increase,4.83837111670864,2,2012-07-06,,,0,,,0,,,0,,,0
41,2012-07-03,increase,4.83837111670864,3,2012-07-09,,,0,,,0,,,0,,,0
41,2012-07-03,increase,4.83837111670864,4,2012-07-10,,,0,,,0,,,0,,,0
41,2012-07-03,increase,4.83837111670864,5,2012-07-11,,,0,,,0,,,0,,,0
42,2014-11-28,decrease,7.106861351595817,-5,2014-11-20,,,0,,,0,,,0,,,0
42,2014-11-28,decrease,7.106861351595817,-4,2014-11-21,,,0,,,0,,,0,,,0
42,2014-11-28,decrease,7.106861351595817,-3,2014-11-24,,,0,,,0,,,0,,,0
42,2014-11-28,decrease,7.106861351595817,-2,2014-11-25,,,0,,,0,,,0,,,0
42,2014-11-28,decrease,7.106861351595817,-1,2014-11-26,,,0,,,0,,,0,,,0
42,2014-11-28,decrease,7.106861351595817,0,2014-11-28,-0.16225,0.75,4,-0.16225,0.75,4,-0.4019,1.0,1,,,0
42,2014-11-28,decrease,7.106861351595817,1,2014-12-01,-0.03423333333333333,0.3333333333333333,3,-0.03423333333333333,0.3333333333333333,3,,,0,-0.1027,1.0,1
42,2014-11-28,decrease,7.106861351595817,2,2014-12-02,-0.04973333333333333,0.3333333333333333,3,-0.04973333333333333,0.3333333333333333,3,,,0,,,0
42,2014-11-28,decrease,7.106861351595817,3,2014-12-03,0.00996666666666666,0.6666666666666666,3,0.0663,0.5,2,,,0,-0.12165000000000001,1.0,2
42,2014-11-28,decrease,7.106861351595817,4,2014-12-04,0.2732,0.0,1,0.2732,0.0,1,,,0,,,0
42,2014-11-28,decrease,7.106861351595817,5,2014-12-05,0.0,0.0,1,,,0,,,0,0.0,0.0,1
43,2015-01-05,decrease,7.764535933550021,-5,2014-12-26,,,0,,,0,,,0,,,0
43,2015-01-05,decrease,7.764535933550021,-4,2014-12-29,,,0,,,0,,,0,,,0
43,2015-01-05,decrease,7.764535933550021,-3,2014-12-30,0.296,0.0,1,0.296,0.0,1,,,0,,,0
43,2015-01-05,decrease,7.764535933550021,-2,2014-12-31,,,0,,,0,,,0,,,0
43,2015-01-05,decrease,7.764535933550021,-1,2015-01-02,,,0,,,0,,,0,,,0
43,2015-01-05,decrease,7.764535933550021,0,2015-01-05,0.0516,0.0,1,,,0,,,0,0.0516,0.0,1
43,2015-01-05,decrease,7.764535933550021,1,2015-01-06,,,0,,,0,,,0,,,0
43,2015-01-05,decrease,7.764535933550021,2,2015-01-07,-0.765,1.0,1,-0.765,1.0,1,,,0,,,0
43,2015-01-05,decrease,7.764535933550021,3,2015-01-08,-0.4019,1.0,1,,,0,-0.4019,1.0,1,,,0
43,2015-01-05,decrease,7.764535933550021,4,2015-01-09,,,0,,,0,,,0,,,0
43,2015-01-05,decrease,7.764535933550021,5,2015-01-12,,,0,,,0,,,0,,,0
44,2015-02-02,increase,8.880471380471366,-5,2015-01-26,,,0,,,0,,,0,,,0
44,2015-02-02,increase,8.880471380471366,-4,2015-01-27,-0.128,1.0,1,,,0,,,0,-0.128,1.0,1
44,2015-02-02,increase,8.880471380471366,-3,2015-01-28,-0.296,1.0,1,,,0,,,0,-0.296,1.0,1
44,2015-02-02,increase,8.880471380471366,-2,2015-01-29,,,0,,,0,,,0,,,0
44,2015-02-02,increase,8.880471380471366,-1,2015-01-30,0.5859,0.0,1,,,0,,,0,0.5859,0.0,1
44,2015-02-02,increase,8.880471380471366,0,2015-02-02,-0.35740000000000005,1.0,2,-0.5994,1.0,1,,,0,-0.1154,1.0,1
44,2015-02-02,increase,8.880471380471366,1,2015-02-03,0.0,0.0,1,0.0,0.0,1,,,0,,,0
44,2015-02-02,increase,8.880471380471366,2,2015-02-04,0.09866666666666667,0.0,3,0.09866666666666667,0.0,3,,,0,,,0
44,2015-02-02,increase,8.880471380471366,3,2015-02-05,0.0,0.0,2,0.0,0.0,1,0.0,0.0,1,,,0
44,2015-02-02,increase,8.880471380471366,4,2015-02-06,0.34,0.0,1,0.34,0.0,1,,,0,,,0
44,2015-02-02,increase,8.880471380471366,5,2015-02-09,0.0,0.0,1,,,0,,,0,0.0,0.0,1
45,2015-03-26,increase,5.2417866371354815,-5,2015-03-19,,,0,,,0,,,0,,,0
45,2015-03-26,increase,5.2417866371354815,-4,2015-03-20,0.34,0.0,1,0.34,0.0,1,,,0,,,0
45,2015-03-26,increase,5.2417866371354815,-3,2015-03-23,,,0,,,0,,,0,,,0
45,2015-03-26,increase,5.2417866371354815,-2,2015-03-24,-0.4215,1.0,1,-0.4215,1.0,1,-0.4215,1.0,1,,,0
45,2015-03-26,increase,5.2417866371354815,-1,2015-03-25,,,0,,,0,,,0,,,0
45,2015-03-26,increase,5.2417866371354815,0,2015-03-26,,,0,,,0,,,0,,,0
45,2015-03-26,increase,5.2417866371354815,1,2015-03-27,0.1591,0.0,2,0.1591,0.0,2,0.3182,0.0,1,,,0
45,2015-03-26,increase,5.2417866371354815,2,2015-03-30,,,0,,,0,,,0,,,0
45,2015-03-26,increase,5.2417866371354815,3,2015-03-31,,,0,,,0,,,0,,,0
45,2015-03-26,increase,5.2417866371354815,4,2015-04-01,-0.0258,0.0,1,-0.0258,0.0,1,,,0,,,0
45,2015-03-26,increase,5.2417866371354815,5,2015-04-02,,,0,,,0,,,0,,,0
46,2015-05-29,increase,5.056553559547572,-5,2015-05-21,,,0,,,0,,,0,,,0
46,2015-05-29,increase,5.056553559547572,-4,2015-05-22,,,0,,,0,,,0,,,0
46,2015-05-29,increase,5.056553559547572,-3,2015-05-26,,,0,,,0,,,0,,,0
46,2015-05-29,increase,5.056553559547572,-2,2015-05-27,,,0,,,0,,,0,,,0
46,2015-05-29,increase,5.056553559547572,-1,2015-05-28,,,0,,,0,,,0,,,0
46,2015-05-29,increase,5.056553559547572,0,2015-05-29,,,0,,,0,,,0,,,0
46,2015-05-29,increase,5.056553559547572,1,2015-06-01,,,0,,,0,,,0,,,0
46,2015-05-29,increase,5.056553559547572,2,2015-06-02,,,0,,,0,,,0,,,0
46,2015-05-29,increase,5.056553559547572,3,2015-06-03,,,0,,,0,,,0,,,0
46,2015-05-29,increase,5.056553559547572,4,2015-06-04,,,0,,,0,,,0,,,0
46,2015-05-29,increase,5.056553559547572,5,2015-06-05,,,0,,,0,,,0,,,0
47,2015-08-03,decrease,7.130793769938071,-5,2015-07-27,,,0,,,0,,,0,,,0
47,2015-08-03,decrease,7.130793769938071,-4,2015-07-28,,,0,,,0,,,0,,,0
47,2015-08-03,decrease,7.130793769938071,-3,2015-07-29,,,0,,,0,,,0,,,0
47,2015-08-03,decrease,7.130793769938071,-2,2015-07-30,,,0,,,0,,,0,,,0
47,2015-08-03,decrease,7.130793769938071,-1,2015-07-31,-0.5106,1.0,1,-0.5106,1.0,1,,,0,,,0
47,2015-08-03,decrease,7.130793769938071,0,2015-08-03,,,0,,,0,,,0,,,0
47,2015-08-03,decrease,7.130793769938071,1,2015-08-04,0.4019,0.0,1,,,0,,,0,0.4019,0.0,1
47,2015-08-03,decrease,7.130793769938071,2,2015-08-05,,,0,,,0,,,0,,,0
47,2015-08-03,decrease,7.130793769938071,3,2015-08-06,,,0,,,0,,,0,,,0
47,2015-08-03,decrease,7.130793769938071,4,2015-08-07,,,0,,,0,,,0,,,0
47,2015-08-03,decrease,7.130793769938071,5,2015-08-10,,,0,,,0,,,0,,,0
48,2015-08-28,increase,7.8947368421052655,-5,2015-08-21,0.2023,0.0,1,0.2023,0.0,1,,,0,,,0
48,2015-08-28,increase,7.8947368421052655,-4,2015-08-24,,,0,,,0,,,0,,,0
48,2015-08-28,increase,7.8947368421052655,-3,2015-08-25,,,0,,,0,,,0,,,0
48,2015-08-28,increase,7.8947368421052655,-2,2015-08-26,,,0,,,0,,,0,,,0
48,2015-08-28,increase,7.8947368421052655,-1,2015-08-27,,,0,,,0,,,0,,,0
48,2015-08-28,increase,7.8947368421052655,0,2015-08-28,,,0,,,0,,,0,,,0
48,2015-08-28,increase,7.8947368421052655,1,2015-09-01,0.2263,0.0,1,0.2263,0.0,1,,,0,,,0
48,2015-08-28,increase,7.8947368421052655,2,2015-09-02,,,0,,,0,,,0,,,0
48,2015-08-28,increase,7.8947368421052655,3,2015-09-03,0.0,0.0,1,0.0,0.0,1,,,0,,,0
48,2015-08-28,increase,7.8947368421052655,4,2015-09-04,,,0,,,0,,,0,,,0
48,2015-08-28,increase,7.8947368421052655,5,2015-09-07,,,0,,,0,,,0,,,0
49,2015-10-05,increase,6.229860365198725,-5,2015-09-28,,,0,,,0,,,0,,,0
49,2015-10-05,increase,6.229860365198725,-4,2015-09-29,,,0,,,0,,,0,,,0
49,2015-10-05,increase,6.229860365198725,-3,2015-09-30,,,0,,,0,,,0,,,0
49,2015-10-05,increase,6.229860365198725,-2,2015-10-01,,,0,,,0,,,0,,,0
49,2015-10-05,increase,6.229860365198725,-1,2015-10-02,,,0,,,0,,,0,,,0
49,2015-10-05,increase,6.229860365198725,0,2015-10-05,,,0,,,0,,,0,,,0
49,2015-10-05,increase,6.229860365198725,1,2015-10-06,,,0,,,0,,,0,,,0
49,2015-10-05,increase,6.229860365198725,2,2015-10-07,,,0,,,0,,,0,,,0
49,2015-10-05,increase,6.229860365198725,3,2015-10-08,,,0,,,0,,,0,,,0
49,2015-10-05,increase,6.229860365198725,4,2015-10-09,,,0,,,0,,,0,,,0
49,2015-10-05,increase,6.229860365198725,5,2015-10-12,,,0,,,0,,,0,,,0
50,2015-10-28,increase,4.52349582784366,-5,2015-10-21,,,0,,,0,,,0,,,0
50,2015-10-28,increase,4.52349582784366,-4,2015-10-22,-0.6597,1.0,1,,,0,-0.6597,1.0,1,,,0
50,2015-10-28,increase,4.52349582784366,-3,2015-10-23,,,0,,,0,,,0,,,0
50,2015-10-28,increase,4.52349582784366,-2,2015-10-26,,,0,,,0,,,0,,,0
50,2015-10-28,increase,4.52349582784366,-1,2015-10-27,0.0,0.0,1,0.0,0.0,1,,,0,,,0
50,2015-10-28,increase,4.52349582784366,0,2015-10-28,,,0,,,0,,,0,,,0
50,2015-10-28,increase,4.52349582784366,1,2015-10-29,,,0,,,0,,,0,,,0
50,2015-10-28,increase,4.52349582784366,2,2015-10-30,,,0,,,0,,,0,,,0
50,2015-10-28,increase,4.52349582784366,3,2015-11-02,,,0,,,0,,,0,,,0
50,2015-10-28,increase,4.52349582784366,4,2015-11-03,,,0,,,0,,,0,,,0
50,2015-10-28,increase,4.52349582784366,5,2015-11-04,,,0,,,0,,,0,,,0
51,2015-11-13,decrease,6.66963094708759,-5,2015-11-06,,,0,,,0,,,0,,,0
51,2015-11-13,decrease,6.66963094708759,-4,2015-11-09,,,0,,,0,,,0,,,0
51,2015-11-13,decrease,6.66963094708759,-3,2015-11-10,,,0,,,0,,,0,,,0
51,2015-11-13,decrease,6.66963094708759,-2,2015-11-11,,,0,,,0,,,0,,,0
51,2015-11-13,decrease,6.66963094708759,-1,2015-11-12,,,0,,,0,,,0,,,0
51,2015-11-13,decrease,6.66963094708759,0,2015-11-13,-0.5719,1.0,1,-0.5719,1.0,1,,,0,,,0
51,2015-11-13,decrease,6.66963094708759,1,2015-11-16,,,0,,,0,,,0,,,0
51,2015-11-13,decrease,6.66963094708759,2,2015-11-17,,,0,,,0,,,0,,,0
51,2015-11-13,decrease,6.66963094708759,3,2015-11-18,,,0,,,0,,,0,,,0
51,2015-11-13,decrease,6.66963094708759,4,2015-11-19,,,0,,,0,,,0,,,0
51,2015-11-13,decrease,6.66963094708759,5,2015-11-20,,,0,,,0,,,0,,,0
52,2016-01-22,increase,10.40231968104386,-5,2016-01-15,0.23835,0.0,2,0.4767,0.0,1,0.0,0.0,1,,,0
52,2016-01-22,increase,10.40231968104386,-4,2016-01-18,0.0,0.0,1,,,0,,,0,0.0,0.0,1
52,2016-01-22,increase,10.40231968104386,-3,2016-01-19,-0.1366,0.5,2,,,0,,,0,-0.1366,0.5,2
52,2016-01-22,increase,10.40231968104386,-2,2016-01-20,-0.2732,1.0,2,,,0,,,0,-0.2732,1.0,2
52,2016-01-22,increase,10.40231968104386,-1,2016-01-21,0.0,0.0,2,0.0,0.0,1,,,0,0.0,0.0,1
52,2016-01-22,increase,10.40231968104386,0,2016-01-22,0.1468,0.0,3,0.1468,0.0,3,,,0,,,0
52,2016-01-22,increase,10.40231968104386,1,2016-01-25,0.0,0.0,1,0.0,0.0,1,,,0,,,0
52,2016-01-22,increase,10.40231968104386,2,2016-01-26,0.5106,0.0,1,0.5106,0.0,1,,,0,,,0
52,2016-01-22,increase,10.40231968104386,3,2016-01-27,0.4404,0.0,1,0.4404,0.0,1,,,0,,,0
52,2016-01-22,increase,10.40231968104386,4,2016-01-28,,,0,,,0,,,0,,,0
52,2016-01-22,increase,10.40231968104386,5,2016-01-29,,,0,,,0,,,0,,,0
53,2016-04-08,increase,9.5827725437416,-5,2016-04-01,,,0,,,0,,,0,,,0
53,2016-04-08,increase,9.5827725437416,-4,2016-04-04,,,0,,,0,,,0,,,0
53,2016-04-08,increase,9.5827725437416,-3,2016-04-05,-0.6705,1.0,1,-0.6705,1.0,1,,,0,,,0
53,2016-04-08,increase,9.5827725437416,-2,2016-04-06,0.296,0.0,1,0.296,0.0,1,,,0,,,0
53,2016-04-08,increase,9.5827725437416,-1,2016-04-07,,,0,,,0,,,0,,,0
53,2016-04-08,increase,9.5827725437416,0,2016-04-08,,,0,,,0,,,0,,,0
53,2016-04-08,increase,9.5827725437416,1,2016-04-11,0.296,0.0,1,0.296,0.0,1,,,0,,,0
53,2016-04-08,increase,9.5827725437416,2,2016-04-12,0.4247,0.0,3,0.357,0.0,1,0.45855,0.0,2,,,0
53,2016-04-08,increase,9.5827725437416,3,2016-04-13,0.27115,0.0,2,0.0,0.0,1,0.5423,0.0,1,,,0
53,2016-04-08,increase,9.5827725437416,4,2016-04-14,,,0,,,0,,,0,,,0
53,2016-04-08,increase,9.5827725437416,5,2016-04-15,-0.2263,1.0,1,,,0,-0.2263,1.0,1,,,0
54,2016-05-03,decrease,5.958096900916621,-5,2016-04-26,0.0,0.0,2,0.0,0.0,1,0.0,0.0,1,,,0
54,2016-05-03,decrease,5.958096900916621,-4,2016-04-27,0.3612,0.0,1,0.3612,0.0,1,,,0,,,0
54,2016-05-03,decrease,5.958096900916621,-3,2016-04-28,,,0,,,0,,,0,,,0
54,2016-05-03,decrease,5.958096900916621,-2,2016-04-29,0.7184,0.0,1,0.7184,0.0,1,,,0,,,0
54,2016-05-03,decrease,5.958096900916621,-1,2016-05-02,,,0,,,0,,,0,,,0
54,2016-05-03,decrease,5.958096900916621,0,2016-05-03,,,0,,,0,,,0,,,0
54,2016-05-03,decrease,5.958096900916621,1,2016-05-04,,,0,,,0,,,0,,,0
54,2016-05-03,decrease,5.958096900916621,2,2016-05-05,,,0,,,0,,,0,,,0
54,2016-05-03,decrease,5.958096900916621,3,2016-05-06,,,0,,,0,,,0,,,0
54,2016-05-03,decrease,5.958096900916621,4,2016-05-09,,,0,,,0,,,0,,,0
54,2016-05-03,decrease,5.958096900916621,5,2016-05-10,,,0,,,0,,,0,,,0
55,2016-07-12,increase,6.0853769300635685,-5,2016-07-05,,,0,,,0,,,0,,,0
55,2016-07-12,increase,6.0853769300635685,-4,2016-07-06,,,0,,,0,,,0,,,0
55,2016-07-12,increase,6.0853769300635685,-3,2016-07-07,,,0,,,0,,,0,,,0
55,2016-07-12,increase,6.0853769300635685,-2,2016-07-08,0.0,0.0,1,0.0,0.0,1,,,0,,,0
55,2016-07-12,increase,6.0853769300635685,-1,2016-07-11,,,0,,,0,,,0,,,0
55,2016-07-12,increase,6.0853769300635685,0,2016-07-12,,,0,,,0,,,0,,,0
55,2016-07-12,increase,6.0853769300635685,1,2016-07-13,,,0,,,0,,,0,,,0
55,2016-07-12,increase,6.0853769300635685,2,2016-07-14,-0.11315,0.5,2,-0.11315,0.5,2,-0.2263,1.0,1,,,0
55,2016-07-12,increase,6.0853769300635685,3,2016-07-15,,,0,,,0,,,0,,,0
55,2016-07-12,increase,6.0853769300635685,4,2016-07-18,,,0,,,0,,,0,,,0
55,2016-07-12,increase,6.0853769300635685,5,2016-07-19,,,0,,,0,,,0,,,0
56,2016-08-15,increase,4.853723404255339,-5,2016-08-08,,,0,,,0,,,0,,,0
56,2016-08-15,increase,4.853723404255339,-4,2016-08-09,0.0,0.0,1,0.0,0.0,1,,,0,,,0
56,2016-08-15,increase,4.853723404255339,-3,2016-08-10,,,0,,,0,,,0,,,0
56,2016-08-15,increase,4.853723404255339,-2,2016-08-11,0.0,0.0,1,,,0,,,0,0.0,0.0,1
56,2016-08-15,increase,4.853723404255339,-1,2016-08-12,0.296,0.0,1,0.296,0.0,1,,,0,,,0
56,2016-08-15,increase,4.853723404255339,0,2016-08-15,,,0,,,0,,,0,,,0
56,2016-08-15,increase,4.853723404255339,1,2016-08-16,,,0,,,0,,,0,,,0
56,2016-08-15,increase,4.853723404255339,2,2016-08-17,,,0,,,0,,,0,,,0
56,2016-08-15,increase,4.853723404255339,3,2016-08-18,,,0,,,0,,,0,,,0
56,2016-08-15,increase,4.853723404255339,4,2016-08-19,,,0,,,0,,,0,,,0
56,2016-08-15,increase,4.853723404255339,5,2016-08-22,-0.3818,1.0,1,,,0,,,0,-0.3818,1.0,1
57,2016-09-01,decrease,6.028368794326244,-5,2016-08-25,,,0,,,0,,,0,,,0
57,2016-09-01,decrease,6.028368794326244,-4,2016-08-26,0.0,0.0,1,,,0,0.0,0.0,1,,,0
57,2016-09-01,decrease,6.028368794326244,-3,2016-08-29,,,0,,,0,,,0,,,0
57,2016-09-01,decrease,6.028368794326244,-2,2016-08-30,,,0,,,0,,,0,,,0
57,2016-09-01,decrease,6.028368794326244,-1,2016-08-31,,,0,,,0,,,0,,,0
57,2016-09-01,decrease,6.028368794326244,0,2016-09-01,0.296,0.0,1,0.296,0.0,1,,,0,,,0
57,2016-09-01,decrease,6.028368794326244,1,2016-09-02,0.296,0.0,1,0.296,0.0,1,,,0,,,0
57,2016-09-01,decrease,6.028368794326244,2,2016-09-05,0.3612,0.0,1,0.3612,0.0,1,0.3612,0.0,1,,,0
57,2016-09-01,decrease,6.028368794326244,3,2016-09-06,,,0,,,0,,,0,,,0
57,2016-09-01,decrease,6.028368794326244,4,2016-09-07,,,0,,,0,,,0,,,0
57,2016-09-01,decrease,6.028368794326244,5,2016-09-08,,,0,,,0,,,0,,,0
58,2016-09-29,increase,6.462958892064186,-5,2016-09-22,,,0,,,0,,,0,,,0
58,2016-09-29,increase,6.462958892064186,-4,2016-09-23,,,0,,,0,,,0,,,0
58,2016-09-29,increase,6.462958892064186,-3,2016-09-26,0.4588,0.0,1,,,0,,,0,0.4588,0.0,1
58,2016-09-29,increase,6.462958892064186,-2,2016-09-27,,,0,,,0,,,0,,,0
58,2016-09-29,increase,6.462958892064186,-1,2016-09-28,,,0,,,0,,,0,,,0
58,2016-09-29,increase,6.462958892064186,0,2016-09-29,-0.05103333333333334,0.3333333333333333,3,0.0,0.0,2,-0.07655,0.5,2,,,0
58,2016-09-29,increase,6.462958892064186,1,2016-09-30,,,0,,,0,,,0,,,0
58,2016-09-29,increase,6.462958892064186,2,2016-10-03,,,0,,,0,,,0,,,0
58,2016-09-29,increase,6.462958892064186,3,2016-10-04,,,0,,,0,,,0,,,0
58,2016-09-29,increase,6.462958892064186,4,2016-10-05,,,0,,,0,,,0,,,0
58,2016-09-29,increase,6.462958892064186,5,2016-10-06,0.0,0.0,1,0.0,0.0,1,,,0,,,0
59,2016-11-15,increase,5.546258666029158,-5,2016-11-08,0.2263,0.0,1,,,0,0.2263,0.0,1,,,0
59,2016-11-15,increase,5.546258666029158,-4,2016-11-09,,,0,,,0,,,0,,,0
59,2016-11-15,increase,5.546258666029158,-3,2016-11-10,,,0,,,0,,,0,,,0
59,2016-11-15,increase,5.546258666029158,-2,2016-11-11,,,0,,,0,,,0,,,0
59,2016-11-15,increase,5.546258666029158,-1,2016-11-14,,,0,,,0,,,0,,,0
59,2016-11-15,increase,5.546258666029158,0,2016-11-15,,,0,,,0,,,0,,,0
59,2016-11-15,increase,5.546258666029158,1,2016-11-16,,,0,,,0,,,0,,,0
59,2016-11-15,increase,5.546258666029158,2,2016-11-17,,,0,,,0,,,0,,,0
59,2016-11-15,increase,5.546258666029158,3,2016-11-18,,,0,,,0,,,0,,,0
59,2016-11-15,increase,5.546258666029158,4,2016-11-21,,,0,,,0,,,0,,,0
59,2016-11-15,increase,5.546258666029158,5,2016-11-22,0.15293333333333334,0.0,3,0.2294,0.0,2,0.0,0.0,1,,,0
60,2016-12-01,increase,9.030239833159538,-5,2016-11-24,,,0,,,0,,,0,,,0
60,2016-12-01,increase,9.030239833159538,-4,2016-11-25,-0.11870000000000003,0.5,2,,,0,-0.11870000000000003,0.5,2,,,0
60,2016-12-01,increase,9.030239833159538,-3,2016-11-28,0.0,0.0,1,,,0,,,0,0.0,0.0,1
60,2016-12-01,increase,9.030239833159538,-2,2016-11-29,-0.25,1.0,2,,,0,-0.25,1.0,2,,,0
60,2016-12-01,increase,9.030239833159538,-1,2016-11-30,0.0,0.0,1,,,0,0.0,0.0,1,,,0
60,2016-12-01,increase,9.030239833159538,0,2016-12-01,-0.34480000000000005,1.0,2,-0.0772,1.0,1,-0.34480000000000005,1.0,2,,,0
60,2016-12-01,increase,9.030239833159538,1,2016-12-02,0.1027,0.0,1,0.1027,0.0,1,0.1027,0.0,1,,,0
60,2016-12-01,increase,9.030239833159538,2,2016-12-05,,,0,,,0,,,0,,,0
60,2016-12-01,increase,9.030239833159538,3,2016-12-06,,,0,,,0,,,0,,,0
60,2016-12-01,increase,9.030239833159538,4,2016-12-07,,,0,,,0,,,0,,,0
60,2016-12-01,increase,9.030239833159538,5,2016-12-08,,,0,,,0,,,0,,,0
61,2016-12-16,increase,4.698375870069604,-5,2016-12-09,,,0,,,0,,,0,,,0
61,2016-12-16,increase,4.698375870069604,-4,2016-12-12,-0.1366,0.5,2,0.0,0.0,1,0.0,0.0,1,-0.2732,1.0,1
61,2016-12-16,increase,4.698375870069604,-3,2016-12-13,,,0,,,0,,,0,,,0
61,2016-12-16,increase,4.698375870069604,-2,2016-12-14,,,0,,,0,,,0,,,0
61,2016-12-16,increase,4.698375870069604,-1,2016-12-15,,,0,,,0,,,0,,,0
61,2016-12-16,increase,4.698375870069604,0,2016-12-16,0.0,0.0,1,,,0,,,0,0.0,0.0,1
61,2016-12-16,increase,4.698375870069604,1,2016-12-19,,,0,,,0,,,0,,,0
61,2016-12-16,increase,4.698375870069604,2,2016-12-20,,,0,,,0,,,0,,,0
61,2016-12-16,increase,4.698375870069604,3,2016-12-21,,,0,,,0,,,0,,,0
61,2016-12-16,increase,4.698375870069604,4,2016-12-22,,,0,,,0,,,0,,,0
61,2016-12-16,increase,4.698375870069604,5,2016-12-23,,,0,,,0,,,0,,,0
62,2017-03-09,decrease,4.971857410881797,-5,2017-03-02,,,0,,,0,,,0,,,0
62,2017-03-09,decrease,4.971857410881797,-4,2017-03-03,,,0,,,0,,,0,,,0
62,2017-03-09,decrease,4.971857410881797,-3,2017-03-06,,,0,,,0,,,0,,,0
62,2017-03-09,decrease,4.971857410881797,-2,2017-03-07,,,0,,,0,,,0,,,0
62,2017-03-09,decrease,4.971857410881797,-1,2017-03-08,,,0,,,0,,,0,,,0
62,2017-03-09,decrease,4.971857410881797,0,2017-03-09,0.0,0.0,1,0.0,0.0,1,,,0,,,0
62,2017-03-09,decrease,4.971857410881797,1,2017-03-10,,,0,,,0,,,0,,,0
62,2017-03-09,decrease,4.971857410881797,2,2017-03-13,,,0,,,0,,,0,,,0
62,2017-03-09,decrease,4.971857410881797,3,2017-03-14,,,0,,,0,,,0,,,0
62,2017-03-09,decrease,4.971857410881797,4,2017-03-15,0.0,0.0,1,0.0,0.0,1,,,0,,,0
62,2017-03-09,decrease,4.971857410881797,5,2017-03-16,,,0,,,0,,,0,,,0
63,2017-06-27,increase,4.7176230437741,-5,2017-06-20,,,0,,,0,,,0,,,0
63,2017-06-27,increase,4.7176230437741,-4,2017-06-21,-0.2732,1.0,1,-0.2732,1.0,1,,,0,,,0
63,2017-06-27,increase,4.7176230437741,-3,2017-06-22,-0.2263,1.0,1,-0.2263,1.0,1,,,0,,,0
63,2017-06-27,increase,4.7176230437741,-2,2017-06-23,,,0,,,0,,,0,,,0
63,2017-06-27,increase,4.7176230437741,-1,2017-06-26,,,0,,,0,,,0,,,0
63,2017-06-27,increase,4.7176230437741,0,2017-06-27,,,0,,,0,,,0,,,0
63,2017-06-27,increase,4.7176230437741,1,2017-06-28,-0.3818,1.0,1,-0.3818,1.0,1,,,0,,,0
63,2017-06-27,increase,4.7176230437741,2,2017-06-29,,,0,,,0,,,0,,,0
63,2017-06-27,increase,4.7176230437741,3,2017-06-30,,,0,,,0,,,0,,,0
63,2017-06-27,increase,4.7176230437741,4,2017-07-03,,,0,,,0,,,0,,,0
63,2017-06-27,increase,4.7176230437741,5,2017-07-04,,,0,,,0,,,0,,,0
64,2017-11-06,increase,4.640182351025723,-5,2017-10-30,0.0,0.0,2,,,0,,,0,0.0,0.0,2
64,2017-11-06,increase,4.640182351025723,-4,2017-10-31,,,0,,,0,,,0,,,0
64,2017-11-06,increase,4.640182351025723,-3,2017-11-01,,,0,,,0,,,0,,,0
64,2017-11-06,increase,4.640182351025723,-2,2017-11-02,,,0,,,0,,,0,,,0
64,2017-11-06,increase,4.640182351025723,-1,2017-11-03,,,0,,,0,,,0,,,0
64,2017-11-06,increase,4.640182351025723,0,2017-11-06,,,0,,,0,,,0,,,0
64,2017-11-06,increase,4.640182351025723,1,2017-11-07,,,0,,,0,,,0,,,0
64,2017-11-06,increase,4.640182351025723,2,2017-11-08,,,0,,,0,,,0,,,0
64,2017-11-06,increase,4.640182351025723,3,2017-11-09,,,0,,,0,,,0,,,0
64,2017-11-06,increase,4.640182351025723,4,2017-11-10,,,0,,,0,,,0,,,0
64,2017-11-06,increase,4.640182351025723,5,2017-11-13,,,0,,,0,,,0,,,0
65,2018-05-09,increase,4.638619201725991,-5,2018-05-01,0.4404,0.0,1,0.4404,0.0,1,,,0,,,0
65,2018-05-09,increase,4.638619201725991,-4,2018-05-02,,,0,,,0,,,0,,,0
65,2018-05-09,increase,4.638619201725991,-3,2018-05-03,,,0,,,0,,,0,,,0
65,2018-05-09,increase,4.638619201725991,-2,2018-05-04,,,0,,,0,,,0,,,0
65,2018-05-09,increase,4.638619201725991,-1,2018-05-08,,,0,,,0,,,0,,,0
65,2018-05-09,increase,4.638619201725991,0,2018-05-09,,,0,,,0,,,0,,,0
65,2018-05-09,increase,4.638619201725991,1,2018-05-10,0.4019,0.0,1,0.4019,0.0,1,0.4019,0.0,1,,,0
65,2018-05-09,increase,4.638619201725991,2,2018-05-11,,,0,,,0,,,0,,,0
65,2018-05-09,increase,4.638619201725991,3,2018-05-14,,,0,,,0,,,0,,,0
65,2018-05-09,increase,4.638619201725991,4,2018-05-15,-0.09866666666666667,0.3333333333333333,3,-0.148,0.5,2,0.0,0.0,1,,,0
65,2018-05-09,increase,4.638619201725991,5,2018-05-16,,,0,,,0,,,0,,,0
66,2019-01-02,increase,6.901324896183514,-5,2018-12-19,0.0,0.0,1,0.0,0.0,1,,,0,,,0
66,2019-01-02,increase,6.901324896183514,-4,2018-12-20,0.0,0.0,1,,,0,,,0,0.0,0.0,1
66,2019-01-02,increase,6.901324896183514,-3,2018-12-21,,,0,,,0,,,0,,,0
66,2019-01-02,increase,6.901324896183514,-2,2018-12-27,,,0,,,0,,,0,,,0
66,2019-01-02,increase,6.901324896183514,-1,2018-12-28,,,0,,,0,,,0,,,0
66,2019-01-02,increase,6.901324896183514,0,2019-01-02,,,0,,,0,,,0,,,0
66,2019-01-02,increase,6.901324896183514,1,2019-01-03,,,0,,,0,,,0,,,0
66,2019-01-02,increase,6.901324896183514,2,2019-01-04,,,0,,,0,,,0,,,0
66,2019-01-02,increase,6.901324896183514,3,2019-01-07,,,0,,,0,,,0,,,0
66,2019-01-02,increase,6.901324896183514,4,2019-01-08,,,0,,,0,,,0,,,0
66,2019-01-02,increase,6.901324896183514,5,2019-01-09,,,0,,,0,,,0,,,0
67,2019-04-26,decrease,5.217507339204697,-5,2019-04-18,0.296,0.0,1,,,0,,,0,0.296,0.0,1
67,2019-04-26,decrease,5.217507339204697,-4,2019-04-22,,,0,,,0,,,0,,,0
67,2019-04-26,decrease,5.217507339204697,-3,2019-04-23,0.0,0.0,1,0.0,0.0,1,0.0,0.0,1,,,0
67,2019-04-26,decrease,5.217507339204697,-2,2019-04-24,,,0,,,0,,,0,,,0
67,2019-04-26,decrease,5.217507339204697,-1,2019-04-25,,,0,,,0,,,0,,,0
67,2019-04-26,decrease,5.217507339204697,0,2019-04-26,,,0,,,0,,,0,,,0
67,2019-04-26,decrease,5.217507339204697,1,2019-04-29,,,0,,,0,,,0,,,0
67,2019-04-26,decrease,5.217507339204697,2,2019-04-30,,,0,,,0,,,0,,,0
67,2019-04-26,decrease,5.217507339204697,3,2019-05-01,,,0,,,0,,,0,,,0
67,2019-04-26,decrease,5.217507339204697,4,2019-05-02,,,0,,,0,,,0,,,0
67,2019-04-26,decrease,5.217507339204697,5,2019-05-03,,,0,,,0,,,0,,,0
68,2019-06-03,decrease,5.420784666067691,-5,2019-05-24,,,0,,,0,,,0,,,0
68,2019-06-03,decrease,5.420784666067691,-4,2019-05-28,,,0,,,0,,,0,,,0
68,2019-06-03,decrease,5.420784666067691,-3,2019-05-29,,,0,,,0,,,0,,,0
68,2019-06-03,decrease,5.420784666067691,-2,2019-05-30,,,0,,,0,,,0,,,0
68,2019-06-03,decrease,5.420784666067691,-1,2019-05-31,,,0,,,0,,,0,,,0
68,2019-06-03,decrease,5.420784666067691,0,2019-06-03,,,0,,,0,,,0,,,0
68,2019-06-03,decrease,5.420784666067691,1,2019-06-04,,,0,,,0,,,0,,,0
68,2019-06-03,decrease,5.420784666067691,2,2019-06-05,,,0,,,0,,,0,,,0
68,2019-06-03,decrease,5.420784666067691,3,2019-06-06,,,0,,,0,,,0,,,0
68,2019-06-03,decrease,5.420784666067691,4,2019-06-07,-0.5445,1.0,2,-0.6486,1.0,1,-0.4404,1.0,1,-0.6486,1.0,1
68,2019-06-03,decrease,5.420784666067691,5,2019-06-10,,,0,,,0,,,0,,,0
69,2019-07-18,decrease,4.664677242029214,-5,2019-07-11,,,0,,,0,,,0,,,0
69,2019-07-18,decrease,4.664677242029214,-4,2019-07-12,,,0,,,0,,,0,,,0
69,2019-07-18,decrease,4.664677242029214,-3,2019-07-15,,,0,,,0,,,0,,,0
69,2019-07-18,decrease,4.664677242029214,-2,2019-07-16,,,0,,,0,,,0,,,0
69,2019-07-18,decrease,4.664677242029214,-1,2019-07-17,,,0,,,0,,,0,,,0
69,2019-07-18,decrease,4.664677242029214,0,2019-07-18,,,0,,,0,,,0,,,0
69,2019-07-18,decrease,4.664677242029214,1,2019-07-19,0.0,0.0,1,,,0,0.0,0.0,1,,,0
69,2019-07-18,decrease,4.664677242029214,2,2019-07-22,,,0,,,0,,,0,,,0
69,2019-07-18,decrease,4.664677242029214,3,2019-07-23,,,0,,,0,,,0,,,0
69,2019-07-18,decrease,4.664677242029214,4,2019-07-24,,,0,,,0,,,0,,,0
69,2019-07-18,decrease,4.664677242029214,5,2019-07-25,,,0,,,0,,,0,,,0
70,2019-08-07,decrease,6.140201262152489,-5,2019-07-31,,,0,,,0,,,0,,,0
70,2019-08-07,decrease,6.140201262152489,-4,2019-08-01,,,0,,,0,,,0,,,0
70,2019-08-07,decrease,6.140201262152489,-3,2019-08-02,,,0,,,0,,,0,,,0
70,2019-08-07,decrease,6.140201262152489,-2,2019-08-05,,,0,,,0,,,0,,,0
70,2019-08-07,decrease,6.140201262152489,-1,2019-08-06,,,0,,,0,,,0,,,0
70,2019-08-07,decrease,6.140201262152489,0,2019-08-07,,,0,,,0,,,0,,,0
70,2019-08-07,decrease,6.140201262152489,1,2019-08-08,,,0,,,0,,,0,,,0
70,2019-08-07,decrease,6.140201262152489,2,2019-08-09,,,0,,,0,,,0,,,0
70,2019-08-07,decrease,6.140201262152489,3,2019-08-12,0.0,0.0,1,,,0,0.0,0.0,1,,,0
70,2019-08-07,decrease,6.140201262152489,4,2019-08-13,,,0,,,0,,,0,,,0
70,2019-08-07,decrease,6.140201262152489,5,2019-08-14,,,0,,,0,,,0,,,0
71,2019-09-16,increase,11.706122448979595,-5,2019-09-09,,,0,,,0,,,0,,,0
71,2019-09-16,increase,11.706122448979595,-4,2019-09-10,,,0,,,0,,,0,,,0
71,2019-09-16,increase,11.706122448979595,-3,2019-09-11,,,0,,,0,,,0,,,0
71,2019-09-16,increase,11.706122448979595,-2,2019-09-12,,,0,,,0,,,0,,,0
71,2019-09-16,increase,11.706122448979595,-1,2019-09-13,,,0,,,0,,,0,,,0
71,2019-09-16,increase,11.706122448979595,0,2019-09-16,-0.4767,1.0,1,-0.4767,1.0,1,-0.4767,1.0,1,,,0
71,2019-09-16,increase,11.706122448979595,1,2019-09-17,-0.0227,0.0,2,0.0,0.0,1,-0.0454,0.0,1,,,0
71,2019-09-16,increase,11.706122448979595,2,2019-09-18,0.007599999999999996,0.3333333333333333,3,0.011399999999999993,0.5,2,0.148,0.0,2,,,0
71,2019-09-16,increase,11.706122448979595,3,2019-09-19,-0.4767,1.0,1,,,0,-0.4767,1.0,1,,,0
71,2019-09-16,increase,11.706122448979595,4,2019-09-20,,,0,,,0,,,0,,,0
71,2019-09-16,increase,11.706122448979595,5,2019-09-23,,,0,,,0,,,0,,,0
72,2020-02-03,decrease,6.525878483642034,-5,2020-01-27,,,0,,,0,,,0,,,0
72,2020-02-03,decrease,6.525878483642034,-4,2020-01-28,,,0,,,0,,,0,,,0
72,2020-02-03,decrease,6.525878483642034,-3,2020-01-29,,,0,,,0,,,0,,,0
72,2020-02-03,decrease,6.525878483642034,-2,2020-01-30,,,0,,,0,,,0,,,0
72,2020-02-03,decrease,6.525878483642034,-1,2020-01-31,,,0,,,0,,,0,,,0
72,2020-02-03,decrease,6.525878483642034,0,2020-02-03,,,0,,,0,,,0,,,0
72,2020-02-03,decrease,6.525878483642034,1,2020-02-04,,,0,,,0,,,0,,,0
72,2020-02-03,decrease,6.525878483642034,2,2020-02-05,,,0,,,0,,,0,,,0
72,2020-02-03,decrease,6.525878483642034,3,2020-02-06,,,0,,,0,,,0,,,0
72,2020-02-03,decrease,6.525878483642034,4,2020-02-07,,,0,,,0,,,0,,,0
72,2020-02-03,decrease,6.525878483642034,5,2020-02-10,,,0,,,0,,,0,,,0
73,2020-04-22,increase,50.986842105263165,-5,2020-04-15,,,0,,,0,,,0,,,0
73,2020-04-22,increase,50.986842105263165,-4,2020-04-16,,,0,,,0,,,0,,,0
73,2020-04-22,increase,50.986842105263165,-3,2020-04-17,0.0,0.0,1,,,0,,,0,0.0,0.0,1
73,2020-04-22,increase,50.986842105263165,-2,2020-04-20,,,0,,,0,,,0,,,0
73,2020-04-22,increase,50.986842105263165,-1,2020-04-21,-0.305125,0.5,4,-0.4068333333333333,0.6666666666666666,3,,,0,-0.28595,0.5,2
73,2020-04-22,increase,50.986842105263165,0,2020-04-22,-0.013933333333333317,0.3333333333333333,3,-0.013933333333333317,0.3333333333333333,3,0.34,0.0,1,0.34,0.0,1
73,2020-04-22,increase,50.986842105263165,1,2020-04-23,0.28459999999999996,0.0,2,0.28459999999999996,0.0,2,,,0,,,0
73,2020-04-22,increase,50.986842105263165,2,2020-04-24,0.0,0.0,1,,,0,,,0,0.0,0.0,1
73,2020-04-22,increase,50.986842105263165,3,2020-04-27,,,0,,,0,,,0,,,0
73,2020-04-22,increase,50.986842105263165,4,2020-04-28,,,0,,,0,,,0,,,0
73,2020-04-22,increase,50.986842105263165,5,2020-04-29,-0.1909,0.5,2,0.0,0.0,1,,,0,-0.3818,1.0,1
74,2020-09-02,decrease,6.605424321959752,-5,2020-08-25,,,0,,,0,,,0,,,0
74,2020-09-02,decrease,6.605424321959752,-4,2020-08-26,,,0,,,0,,,0,,,0
74,2020-09-02,decrease,6.605424321959752,-3,2020-08-27,,,0,,,0,,,0,,,0
74,2020-09-02,decrease,6.605424321959752,-2,2020-08-28,,,0,,,0,,,0,,,0
74,2020-09-02,decrease,6.605424321959752,-1,2020-09-01,,,0,,,0,,,0,,,0
74,2020-09-02,decrease,6.605424321959752,0,2020-09-02,,,0,,,0,,,0,,,0
74,2020-09-02,decrease,6.605424321959752,1,2020-09-03,,,0,,,0,,,0,,,0
74,2020-09-02,decrease,6.605424321959752,2,2020-09-04,,,0,,,0,,,0,,,0
74,2020-09-02,decrease,6.605424321959752,3,2020-09-07,,,0,,,0,,,0,,,0
74,2020-09-02,decrease,6.605424321959752,4,2020-09-08,,,0,,,0,,,0,,,0
74,2020-09-02,decrease,6.605424321959752,5,2020-09-09,,,0,,,0,,,0,,,0
75,2020-10-05,increase,4.684210526315802,-5,2020-09-28,,,0,,,0,,,0,,,0
75,2020-10-05,increase,4.684210526315802,-4,2020-09-29,,,0,,,0,,,0,,,0
75,2020-10-05,increase,4.684210526315802,-3,2020-09-30,,,0,,,0,,,0,,,0
75,2020-10-05,increase,4.684210526315802,-2,2020-10-01,,,0,,,0,,,0,,,0
75,2020-10-05,increase,4.684210526315802,-1,2020-10-02,,,0,,,0,,,0,,,0
75,2020-10-05,increase,4.684210526315802,0,2020-10-05,,,0,,,0,,,0,,,0
75,2020-10-05,increase,4.684210526315802,1,2020-10-06,,,0,,,0,,,0,,,0
75,2020-10-05,increase,4.684210526315802,2,2020-10-07,,,0,,,0,,,0,,,0
75,2020-10-05,increase,4.684210526315802,3,2020-10-08,,,0,,,0,,,0,,,0
75,2020-10-05,increase,4.684210526315802,4,2020-10-09,,,0,,,0,,,0,,,0
75,2020-10-05,increase,4.684210526315802,5,2020-10-12,,,0,,,0,,,0,,,0
76,2020-11-09,increase,7.484243697478998,-5,2020-11-02,,,0,,,0,,,0,,,0
76,2020-11-09,increase,7.484243697478998,-4,2020-11-03,,,0,,,0,,,0,,,0
76,2020-11-09,increase,7.484243697478998,-3,2020-11-04,,,0,,,0,,,0,,,0
76,2020-11-09,increase,7.484243697478998,-2,2020-11-05,,,0,,,0,,,0,,,0
76,2020-11-09,increase,7.484243697478998,-1,2020-11-06,,,0,,,0,,,0,,,0
76,2020-11-09,increase,7.484243697478998,0,2020-11-09,,,0,,,0,,,0,,,0
76,2020-11-09,increase,7.484243697478998,1,2020-11-10,,,0,,,0,,,0,,,0
76,2020-11-09,increase,7.484243697478998,2,2020-11-11,,,0,,,0,,,0,,,0
76,2020-11-09,increase,7.484243697478998,3,2020-11-12,,,0,,,0,,,0,,,0
76,2020-11-09,increase,7.484243697478998,4,2020-11-13,,,0,,,0,,,0,,,0
76,2020-11-09,increase,7.484243697478998,5,2020-11-16,,,0,,,0,,,0,,,0
77,2021-01-05,increase,5.539011316259668,-5,2020-12-28,,,0,,,0,,,0,,,0
77,2021-01-05,increase,5.539011316259668,-4,2020-12-29,,,0,,,0,,,0,,,0
77,2021-01-05,increase,5.539011316259668,-3,2020-12-30,,,0,,,0,,,0,,,0
77,2021-01-05,increase,5.539011316259668,-2,2020-12-31,,,0,,,0,,,0,,,0
77,2021-01-05,increase,5.539011316259668,-1,2021-01-04,,,0,,,0,,,0,,,0
77,2021-01-05,increase,5.539011316259668,0,2021-01-05,,,0,,,0,,,0,,,0
77,2021-01-05,increase,5.539011316259668,1,2021-01-06,-0.2732,1.0,1,,,0,,,0,-0.2732,1.0,1
77,2021-01-05,increase,5.539011316259668,2,2021-01-07,,,0,,,0,,,0,,,0
77,2021-01-05,increase,5.539011316259668,3,2021-01-08,,,0,,,0,,,0,,,0
77,2021-01-05,increase,5.539011316259668,4,2021-01-11,,,0,,,0,,,0,,,0
77,2021-01-05,increase,5.539011316259668,5,2021-01-12,,,0,,,0,,,0,,,0
78,2021-03-18,decrease,8.297652443525772,-5,2021-03-11,,,0,,,0,,,0,,,0
78,2021-03-18,decrease,8.297652443525772,-4,2021-03-12,,,0,,,0,,,0,,,0
78,2021-03-18,decrease,8.297652443525772,-3,2021-03-15,,,0,,,0,,,0,,,0
78,2021-03-18,decrease,8.297652443525772,-2,2021-03-16,,,0,,,0,,,0,,,0
78,2021-03-18,decrease,8.297652443525772,-1,2021-03-17,,,0,,,0,,,0,,,0
78,2021-03-18,decrease,8.297652443525772,0,2021-03-18,,,0,,,0,,,0,,,0
78,2021-03-18,decrease,8.297652443525772,1,2021-03-19,,,0,,,0,,,0,,,0
78,2021-03-18,decrease,8.297652443525772,2,2021-03-22,,,0,,,0,,,0,,,0
78,2021-03-18,decrease,8.297652443525772,3,2021-03-23,,,0,,,0,,,0,,,0
78,2021-03-18,decrease,8.297652443525772,4,2021-03-24,-0.2732,1.0,1,-0.2732,1.0,1,,,0,,,0
78,2021-03-18,decrease,8.297652443525772,5,2021-03-25,,,0,,,0,,,0,,,0
79,2021-04-14,increase,5.220436097405701,-5,2021-04-07,,,0,,,0,,,0,,,0
79,2021-04-14,increase,5.220436097405701,-4,2021-04-08,,,0,,,0,,,0,,,0
79,2021-04-14,increase,5.220436097405701,-3,2021-04-09,,,0,,,0,,,0,,,0
79,2021-04-14,increase,5.220436097405701,-2,2021-04-12,,,0,,,0,,,0,,,0
79,2021-04-14,increase,5.220436097405701,-1,2021-04-13,,,0,,,0,,,0,,,0
79,2021-04-14,increase,5.220436097405701,0,2021-04-14,,,0,,,0,,,0,,,0
79,2021-04-14,increase,5.220436097405701,1,2021-04-15,,,0,,,0,,,0,,,0
79,2021-04-14,increase,5.220436097405701,2,2021-04-16,,,0,,,0,,,0,,,0
79,2021-04-14,increase,5.220436097405701,3,2021-04-19,,,0,,,0,,,0,,,0
79,2021-04-14,increase,5.220436097405701,4,2021-04-20,,,0,,,0,,,0,,,0
79,2021-04-14,increase,5.220436097405701,5,2021-04-21,,,0,,,0,,,0,,,0
80,2021-07-19,decrease,6.88960515713134,-5,2021-07-12,,,0,,,0,,,0,,,0
80,2021-07-19,decrease,6.88960515713134,-4,2021-07-13,,,0,,,0,,,0,,,0
80,2021-07-19,decrease,6.88960515713134,-3,2021-07-14,,,0,,,0,,,0,,,0
80,2021-07-19,decrease,6.88960515713134,-2,2021-07-15,,,0,,,0,,,0,,,0
80,2021-07-19,decrease,6.88960515713134,-1,2021-07-16,,,0,,,0,,,0,,,0
80,2021-07-19,decrease,6.88960515713134,0,2021-07-19,,,0,,,0,,,0,,,0
80,2021-07-19,decrease,6.88960515713134,1,2021-07-20,,,0,,,0,,,0,,,0
80,2021-07-19,decrease,6.88960515713134,2,2021-07-21,,,0,,,0,,,0,,,0
80,2021-07-19,decrease,6.88960515713134,3,2021-07-22,,,0,,,0,,,0,,,0
80,2021-07-19,decrease,6.88960515713134,4,2021-07-23,,,0,,,0,,,0,,,0
80,2021-07-19,decrease,6.88960515713134,5,2021-07-26,,,0,,,0,,,0,,,0
81,2021-08-23,increase,5.43428484200883,-5,2021-08-16,,,0,,,0,,,0,,,0
81,2021-08-23,increase,5.43428484200883,-4,2021-08-17,,,0,,,0,,,0,,,0
81,2021-08-23,increase,5.43428484200883,-3,2021-08-18,,,0,,,0,,,0,,,0
81,2021-08-23,increase,5.43428484200883,-2,2021-08-19,,,0,,,0,,,0,,,0
81,2021-08-23,increase,5.43428484200883,-1,2021-08-20,,,0,,,0,,,0,,,0
81,2021-08-23,increase,5.43428484200883,0,2021-08-23,,,0,,,0,,,0,,,0
81,2021-08-23,increase,5.43428484200883,1,2021-08-24,,,0,,,0,,,0,,,0
81,2021-08-23,increase,5.43428484200883,2,2021-08-25,,,0,,,0,,,0,,,0
81,2021-08-23,increase,5.43428484200883,3,2021-08-26,,,0,,,0,,,0,,,0
81,2021-08-23,increase,5.43428484200883,4,2021-08-27,,,0,,,0,,,0,,,0
81,2021-08-23,increase,5.43428484200883,5,2021-08-31,,,0,,,0,,,0,,,0
82,2021-11-26,decrease,11.79768433881778,-5,2021-11-19,,,0,,,0,,,0,,,0
82,2021-11-26,decrease,11.79768433881778,-4,2021-11-22,,,0,,,0,,,0,,,0
82,2021-11-26,decrease,11.79768433881778,-3,2021-11-23,,,0,,,0,,,0,,,0
82,2021-11-26,decrease,11.79768433881778,-2,2021-11-24,,,0,,,0,,,0,,,0
82,2021-11-26,decrease,11.79768433881778,-1,2021-11-25,,,0,,,0,,,0,,,0
82,2021-11-26,decrease,11.79768433881778,0,2021-11-26,,,0,,,0,,,0,,,0
82,2021-11-26,decrease,11.79768433881778,1,2021-11-29,,,0,,,0,,,0,,,0
82,2021-11-26,decrease,11.79768433881778,2,2021-11-30,,,0,,,0,,,0,,,0
82,2021-11-26,decrease,11.79768433881778,3,2021-12-01,,,0,,,0,,,0,,,0
82,2021-11-26,decrease,11.79768433881778,4,2021-12-02,,,0,,,0,,,0,,,0
82,2021-11-26,decrease,11.79768433881778,5,2021-12-03,,,0,,,0,,,0,,,0
